date,hits,keyword,geo,gprop,category
2014-04-26T22:00:00Z,1,statistical modeling,world,web,0
2014-05-03T22:00:00Z,1,statistical modeling,world,web,0
2014-05-10T22:00:00Z,1,statistical modeling,world,web,0
2014-05-17T22:00:00Z,1,statistical modeling,world,web,0
2014-05-24T22:00:00Z,1,statistical modeling,world,web,0
2014-05-31T22:00:00Z,1,statistical modeling,world,web,0
2014-06-07T22:00:00Z,1,statistical modeling,world,web,0
2014-06-14T22:00:00Z,1,statistical modeling,world,web,0
2014-06-21T22:00:00Z,1,statistical modeling,world,web,0
2014-06-28T22:00:00Z,1,statistical modeling,world,web,0
2014-07-05T22:00:00Z,1,statistical modeling,world,web,0
2014-07-12T22:00:00Z,1,statistical modeling,world,web,0
2014-07-19T22:00:00Z,1,statistical modeling,world,web,0
2014-07-26T22:00:00Z,1,statistical modeling,world,web,0
2014-08-02T22:00:00Z,1,statistical modeling,world,web,0
2014-08-09T22:00:00Z,1,statistical modeling,world,web,0
2014-08-16T22:00:00Z,1,statistical modeling,world,web,0
2014-08-23T22:00:00Z,1,statistical modeling,world,web,0
2014-08-30T22:00:00Z,1,statistical modeling,world,web,0
2014-09-06T22:00:00Z,1,statistical modeling,world,web,0
2014-09-13T22:00:00Z,1,statistical modeling,world,web,0
2014-09-20T22:00:00Z,1,statistical modeling,world,web,0
2014-09-27T22:00:00Z,1,statistical modeling,world,web,0
2014-10-04T22:00:00Z,1,statistical modeling,world,web,0
2014-10-11T22:00:00Z,1,statistical modeling,world,web,0
2014-10-18T22:00:00Z,1,statistical modeling,world,web,0
2014-10-25T22:00:00Z,1,statistical modeling,world,web,0
2014-11-01T23:00:00Z,1,statistical modeling,world,web,0
2014-11-08T23:00:00Z,1,statistical modeling,world,web,0
2014-11-15T23:00:00Z,1,statistical modeling,world,web,0
2014-11-22T23:00:00Z,1,statistical modeling,world,web,0
2014-11-29T23:00:00Z,1,statistical modeling,world,web,0
2014-12-06T23:00:00Z,1,statistical modeling,world,web,0
2014-12-13T23:00:00Z,1,statistical modeling,world,web,0
2014-12-20T23:00:00Z,1,statistical modeling,world,web,0
2014-12-27T23:00:00Z,1,statistical modeling,world,web,0
2015-01-03T23:00:00Z,1,statistical modeling,world,web,0
2015-01-10T23:00:00Z,1,statistical modeling,world,web,0
2015-01-17T23:00:00Z,1,statistical modeling,world,web,0
2015-01-24T23:00:00Z,1,statistical modeling,world,web,0
2015-01-31T23:00:00Z,1,statistical modeling,world,web,0
2015-02-07T23:00:00Z,1,statistical modeling,world,web,0
2015-02-14T23:00:00Z,1,statistical modeling,world,web,0
2015-02-21T23:00:00Z,1,statistical modeling,world,web,0
2015-02-28T23:00:00Z,1,statistical modeling,world,web,0
2015-03-07T23:00:00Z,1,statistical modeling,world,web,0
2015-03-14T23:00:00Z,1,statistical modeling,world,web,0
2015-03-21T23:00:00Z,1,statistical modeling,world,web,0
2015-03-28T23:00:00Z,1,statistical modeling,world,web,0
2015-04-04T22:00:00Z,1,statistical modeling,world,web,0
2015-04-11T22:00:00Z,1,statistical modeling,world,web,0
2015-04-18T22:00:00Z,1,statistical modeling,world,web,0
2015-04-25T22:00:00Z,1,statistical modeling,world,web,0
2015-05-02T22:00:00Z,1,statistical modeling,world,web,0
2015-05-09T22:00:00Z,1,statistical modeling,world,web,0
2015-05-16T22:00:00Z,1,statistical modeling,world,web,0
2015-05-23T22:00:00Z,1,statistical modeling,world,web,0
2015-05-30T22:00:00Z,1,statistical modeling,world,web,0
2015-06-06T22:00:00Z,1,statistical modeling,world,web,0
2015-06-13T22:00:00Z,1,statistical modeling,world,web,0
2015-06-20T22:00:00Z,1,statistical modeling,world,web,0
2015-06-27T22:00:00Z,1,statistical modeling,world,web,0
2015-07-04T22:00:00Z,1,statistical modeling,world,web,0
2015-07-11T22:00:00Z,1,statistical modeling,world,web,0
2015-07-18T22:00:00Z,1,statistical modeling,world,web,0
2015-07-25T22:00:00Z,1,statistical modeling,world,web,0
2015-08-01T22:00:00Z,1,statistical modeling,world,web,0
2015-08-08T22:00:00Z,1,statistical modeling,world,web,0
2015-08-15T22:00:00Z,1,statistical modeling,world,web,0
2015-08-22T22:00:00Z,1,statistical modeling,world,web,0
2015-08-29T22:00:00Z,1,statistical modeling,world,web,0
2015-09-05T22:00:00Z,1,statistical modeling,world,web,0
2015-09-12T22:00:00Z,1,statistical modeling,world,web,0
2015-09-19T22:00:00Z,1,statistical modeling,world,web,0
2015-09-26T22:00:00Z,1,statistical modeling,world,web,0
2015-10-03T22:00:00Z,1,statistical modeling,world,web,0
2015-10-10T22:00:00Z,1,statistical modeling,world,web,0
2015-10-17T22:00:00Z,1,statistical modeling,world,web,0
2015-10-24T22:00:00Z,1,statistical modeling,world,web,0
2015-10-31T23:00:00Z,1,statistical modeling,world,web,0
2015-11-07T23:00:00Z,1,statistical modeling,world,web,0
2015-11-14T23:00:00Z,1,statistical modeling,world,web,0
2015-11-21T23:00:00Z,1,statistical modeling,world,web,0
2015-11-28T23:00:00Z,1,statistical modeling,world,web,0
2015-12-05T23:00:00Z,1,statistical modeling,world,web,0
2015-12-12T23:00:00Z,1,statistical modeling,world,web,0
2015-12-19T23:00:00Z,1,statistical modeling,world,web,0
2015-12-26T23:00:00Z,1,statistical modeling,world,web,0
2016-01-02T23:00:00Z,1,statistical modeling,world,web,0
2016-01-09T23:00:00Z,1,statistical modeling,world,web,0
2016-01-16T23:00:00Z,1,statistical modeling,world,web,0
2016-01-23T23:00:00Z,1,statistical modeling,world,web,0
2016-01-30T23:00:00Z,1,statistical modeling,world,web,0
2016-02-06T23:00:00Z,1,statistical modeling,world,web,0
2016-02-13T23:00:00Z,1,statistical modeling,world,web,0
2016-02-20T23:00:00Z,1,statistical modeling,world,web,0
2016-02-27T23:00:00Z,1,statistical modeling,world,web,0
2016-03-05T23:00:00Z,1,statistical modeling,world,web,0
2016-03-12T23:00:00Z,1,statistical modeling,world,web,0
2016-03-19T23:00:00Z,1,statistical modeling,world,web,0
2016-03-26T23:00:00Z,1,statistical modeling,world,web,0
2016-04-02T22:00:00Z,1,statistical modeling,world,web,0
2016-04-09T22:00:00Z,1,statistical modeling,world,web,0
2016-04-16T22:00:00Z,1,statistical modeling,world,web,0
2016-04-23T22:00:00Z,1,statistical modeling,world,web,0
2016-04-30T22:00:00Z,1,statistical modeling,world,web,0
2016-05-07T22:00:00Z,1,statistical modeling,world,web,0
2016-05-14T22:00:00Z,1,statistical modeling,world,web,0
2016-05-21T22:00:00Z,1,statistical modeling,world,web,0
2016-05-28T22:00:00Z,1,statistical modeling,world,web,0
2016-06-04T22:00:00Z,1,statistical modeling,world,web,0
2016-06-11T22:00:00Z,1,statistical modeling,world,web,0
2016-06-18T22:00:00Z,1,statistical modeling,world,web,0
2016-06-25T22:00:00Z,1,statistical modeling,world,web,0
2016-07-02T22:00:00Z,1,statistical modeling,world,web,0
2016-07-09T22:00:00Z,1,statistical modeling,world,web,0
2016-07-16T22:00:00Z,1,statistical modeling,world,web,0
2016-07-23T22:00:00Z,1,statistical modeling,world,web,0
2016-07-30T22:00:00Z,1,statistical modeling,world,web,0
2016-08-06T22:00:00Z,1,statistical modeling,world,web,0
2016-08-13T22:00:00Z,1,statistical modeling,world,web,0
2016-08-20T22:00:00Z,1,statistical modeling,world,web,0
2016-08-27T22:00:00Z,1,statistical modeling,world,web,0
2016-09-03T22:00:00Z,1,statistical modeling,world,web,0
2016-09-10T22:00:00Z,1,statistical modeling,world,web,0
2016-09-17T22:00:00Z,1,statistical modeling,world,web,0
2016-09-24T22:00:00Z,1,statistical modeling,world,web,0
2016-10-01T22:00:00Z,1,statistical modeling,world,web,0
2016-10-08T22:00:00Z,1,statistical modeling,world,web,0
2016-10-15T22:00:00Z,1,statistical modeling,world,web,0
2016-10-22T22:00:00Z,1,statistical modeling,world,web,0
2016-10-29T22:00:00Z,1,statistical modeling,world,web,0
2016-11-05T23:00:00Z,1,statistical modeling,world,web,0
2016-11-12T23:00:00Z,1,statistical modeling,world,web,0
2016-11-19T23:00:00Z,1,statistical modeling,world,web,0
2016-11-26T23:00:00Z,1,statistical modeling,world,web,0
2016-12-03T23:00:00Z,1,statistical modeling,world,web,0
2016-12-10T23:00:00Z,1,statistical modeling,world,web,0
2016-12-17T23:00:00Z,1,statistical modeling,world,web,0
2016-12-24T23:00:00Z,1,statistical modeling,world,web,0
2016-12-31T23:00:00Z,1,statistical modeling,world,web,0
2017-01-07T23:00:00Z,1,statistical modeling,world,web,0
2017-01-14T23:00:00Z,1,statistical modeling,world,web,0
2017-01-21T23:00:00Z,1,statistical modeling,world,web,0
2017-01-28T23:00:00Z,1,statistical modeling,world,web,0
2017-02-04T23:00:00Z,1,statistical modeling,world,web,0
2017-02-11T23:00:00Z,1,statistical modeling,world,web,0
2017-02-18T23:00:00Z,1,statistical modeling,world,web,0
2017-02-25T23:00:00Z,1,statistical modeling,world,web,0
2017-03-04T23:00:00Z,1,statistical modeling,world,web,0
2017-03-11T23:00:00Z,1,statistical modeling,world,web,0
2017-03-18T23:00:00Z,1,statistical modeling,world,web,0
2017-03-25T23:00:00Z,1,statistical modeling,world,web,0
2017-04-01T22:00:00Z,1,statistical modeling,world,web,0
2017-04-08T22:00:00Z,1,statistical modeling,world,web,0
2017-04-15T22:00:00Z,1,statistical modeling,world,web,0
2017-04-22T22:00:00Z,1,statistical modeling,world,web,0
2017-04-29T22:00:00Z,1,statistical modeling,world,web,0
2017-05-06T22:00:00Z,1,statistical modeling,world,web,0
2017-05-13T22:00:00Z,1,statistical modeling,world,web,0
2017-05-20T22:00:00Z,1,statistical modeling,world,web,0
2017-05-27T22:00:00Z,1,statistical modeling,world,web,0
2017-06-03T22:00:00Z,1,statistical modeling,world,web,0
2017-06-10T22:00:00Z,1,statistical modeling,world,web,0
2017-06-17T22:00:00Z,1,statistical modeling,world,web,0
2017-06-24T22:00:00Z,1,statistical modeling,world,web,0
2017-07-01T22:00:00Z,1,statistical modeling,world,web,0
2017-07-08T22:00:00Z,1,statistical modeling,world,web,0
2017-07-15T22:00:00Z,1,statistical modeling,world,web,0
2017-07-22T22:00:00Z,1,statistical modeling,world,web,0
2017-07-29T22:00:00Z,1,statistical modeling,world,web,0
2017-08-05T22:00:00Z,1,statistical modeling,world,web,0
2017-08-12T22:00:00Z,1,statistical modeling,world,web,0
2017-08-19T22:00:00Z,1,statistical modeling,world,web,0
2017-08-26T22:00:00Z,1,statistical modeling,world,web,0
2017-09-02T22:00:00Z,1,statistical modeling,world,web,0
2017-09-09T22:00:00Z,1,statistical modeling,world,web,0
2017-09-16T22:00:00Z,1,statistical modeling,world,web,0
2017-09-23T22:00:00Z,1,statistical modeling,world,web,0
2017-09-30T22:00:00Z,1,statistical modeling,world,web,0
2017-10-07T22:00:00Z,1,statistical modeling,world,web,0
2017-10-14T22:00:00Z,1,statistical modeling,world,web,0
2017-10-21T22:00:00Z,1,statistical modeling,world,web,0
2017-10-28T22:00:00Z,1,statistical modeling,world,web,0
2017-11-04T23:00:00Z,1,statistical modeling,world,web,0
2017-11-11T23:00:00Z,1,statistical modeling,world,web,0
2017-11-18T23:00:00Z,1,statistical modeling,world,web,0
2017-11-25T23:00:00Z,1,statistical modeling,world,web,0
2017-12-02T23:00:00Z,1,statistical modeling,world,web,0
2017-12-09T23:00:00Z,1,statistical modeling,world,web,0
2017-12-16T23:00:00Z,1,statistical modeling,world,web,0
2017-12-23T23:00:00Z,1,statistical modeling,world,web,0
2017-12-30T23:00:00Z,1,statistical modeling,world,web,0
2018-01-06T23:00:00Z,1,statistical modeling,world,web,0
2018-01-13T23:00:00Z,1,statistical modeling,world,web,0
2018-01-20T23:00:00Z,1,statistical modeling,world,web,0
2018-01-27T23:00:00Z,1,statistical modeling,world,web,0
2018-02-03T23:00:00Z,1,statistical modeling,world,web,0
2018-02-10T23:00:00Z,1,statistical modeling,world,web,0
2018-02-17T23:00:00Z,1,statistical modeling,world,web,0
2018-02-24T23:00:00Z,1,statistical modeling,world,web,0
2018-03-03T23:00:00Z,1,statistical modeling,world,web,0
2018-03-10T23:00:00Z,1,statistical modeling,world,web,0
2018-03-17T23:00:00Z,1,statistical modeling,world,web,0
2018-03-24T23:00:00Z,1,statistical modeling,world,web,0
2018-03-31T22:00:00Z,1,statistical modeling,world,web,0
2018-04-07T22:00:00Z,1,statistical modeling,world,web,0
2018-04-14T22:00:00Z,1,statistical modeling,world,web,0
2018-04-21T22:00:00Z,1,statistical modeling,world,web,0
2018-04-28T22:00:00Z,1,statistical modeling,world,web,0
2018-05-05T22:00:00Z,1,statistical modeling,world,web,0
2018-05-12T22:00:00Z,1,statistical modeling,world,web,0
2018-05-19T22:00:00Z,1,statistical modeling,world,web,0
2018-05-26T22:00:00Z,1,statistical modeling,world,web,0
2018-06-02T22:00:00Z,1,statistical modeling,world,web,0
2018-06-09T22:00:00Z,1,statistical modeling,world,web,0
2018-06-16T22:00:00Z,1,statistical modeling,world,web,0
2018-06-23T22:00:00Z,1,statistical modeling,world,web,0
2018-06-30T22:00:00Z,1,statistical modeling,world,web,0
2018-07-07T22:00:00Z,1,statistical modeling,world,web,0
2018-07-14T22:00:00Z,1,statistical modeling,world,web,0
2018-07-21T22:00:00Z,1,statistical modeling,world,web,0
2018-07-28T22:00:00Z,1,statistical modeling,world,web,0
2018-08-04T22:00:00Z,1,statistical modeling,world,web,0
2018-08-11T22:00:00Z,1,statistical modeling,world,web,0
2018-08-18T22:00:00Z,1,statistical modeling,world,web,0
2018-08-25T22:00:00Z,1,statistical modeling,world,web,0
2018-09-01T22:00:00Z,1,statistical modeling,world,web,0
2018-09-08T22:00:00Z,1,statistical modeling,world,web,0
2018-09-15T22:00:00Z,1,statistical modeling,world,web,0
2018-09-22T22:00:00Z,1,statistical modeling,world,web,0
2018-09-29T22:00:00Z,1,statistical modeling,world,web,0
2018-10-06T22:00:00Z,1,statistical modeling,world,web,0
2018-10-13T22:00:00Z,1,statistical modeling,world,web,0
2018-10-20T22:00:00Z,1,statistical modeling,world,web,0
2018-10-27T22:00:00Z,1,statistical modeling,world,web,0
2018-11-03T23:00:00Z,1,statistical modeling,world,web,0
2018-11-10T23:00:00Z,1,statistical modeling,world,web,0
2018-11-17T23:00:00Z,1,statistical modeling,world,web,0
2018-11-24T23:00:00Z,1,statistical modeling,world,web,0
2018-12-01T23:00:00Z,1,statistical modeling,world,web,0
2018-12-08T23:00:00Z,1,statistical modeling,world,web,0
2018-12-15T23:00:00Z,1,statistical modeling,world,web,0
2018-12-22T23:00:00Z,1,statistical modeling,world,web,0
2018-12-29T23:00:00Z,1,statistical modeling,world,web,0
2019-01-05T23:00:00Z,1,statistical modeling,world,web,0
2019-01-12T23:00:00Z,1,statistical modeling,world,web,0
2019-01-19T23:00:00Z,1,statistical modeling,world,web,0
2019-01-26T23:00:00Z,1,statistical modeling,world,web,0
2019-02-02T23:00:00Z,1,statistical modeling,world,web,0
2019-02-09T23:00:00Z,1,statistical modeling,world,web,0
2019-02-16T23:00:00Z,1,statistical modeling,world,web,0
2019-02-23T23:00:00Z,1,statistical modeling,world,web,0
2019-03-02T23:00:00Z,1,statistical modeling,world,web,0
2019-03-09T23:00:00Z,1,statistical modeling,world,web,0
2019-03-16T23:00:00Z,1,statistical modeling,world,web,0
2019-03-23T23:00:00Z,1,statistical modeling,world,web,0
2019-03-30T23:00:00Z,1,statistical modeling,world,web,0
2019-04-06T22:00:00Z,1,statistical modeling,world,web,0
2019-04-13T22:00:00Z,1,statistical modeling,world,web,0
2019-04-20T22:00:00Z,1,statistical modeling,world,web,0
2014-04-26T22:00:00Z,16,machine learning,world,web,0
2014-05-03T22:00:00Z,18,machine learning,world,web,0
2014-05-10T22:00:00Z,18,machine learning,world,web,0
2014-05-17T22:00:00Z,16,machine learning,world,web,0
2014-05-24T22:00:00Z,16,machine learning,world,web,0
2014-05-31T22:00:00Z,16,machine learning,world,web,0
2014-06-07T22:00:00Z,14,machine learning,world,web,0
2014-06-14T22:00:00Z,16,machine learning,world,web,0
2014-06-21T22:00:00Z,16,machine learning,world,web,0
2014-06-28T22:00:00Z,13,machine learning,world,web,0
2014-07-05T22:00:00Z,16,machine learning,world,web,0
2014-07-12T22:00:00Z,15,machine learning,world,web,0
2014-07-19T22:00:00Z,17,machine learning,world,web,0
2014-07-26T22:00:00Z,16,machine learning,world,web,0
2014-08-02T22:00:00Z,18,machine learning,world,web,0
2014-08-09T22:00:00Z,17,machine learning,world,web,0
2014-08-16T22:00:00Z,17,machine learning,world,web,0
2014-08-23T22:00:00Z,17,machine learning,world,web,0
2014-08-30T22:00:00Z,18,machine learning,world,web,0
2014-09-06T22:00:00Z,18,machine learning,world,web,0
2014-09-13T22:00:00Z,18,machine learning,world,web,0
2014-09-20T22:00:00Z,19,machine learning,world,web,0
2014-09-27T22:00:00Z,18,machine learning,world,web,0
2014-10-04T22:00:00Z,19,machine learning,world,web,0
2014-10-11T22:00:00Z,21,machine learning,world,web,0
2014-10-18T22:00:00Z,20,machine learning,world,web,0
2014-10-25T22:00:00Z,21,machine learning,world,web,0
2014-11-01T23:00:00Z,18,machine learning,world,web,0
2014-11-08T23:00:00Z,20,machine learning,world,web,0
2014-11-15T23:00:00Z,21,machine learning,world,web,0
2014-11-22T23:00:00Z,19,machine learning,world,web,0
2014-11-29T23:00:00Z,19,machine learning,world,web,0
2014-12-06T23:00:00Z,22,machine learning,world,web,0
2014-12-13T23:00:00Z,20,machine learning,world,web,0
2014-12-20T23:00:00Z,14,machine learning,world,web,0
2014-12-27T23:00:00Z,14,machine learning,world,web,0
2015-01-03T23:00:00Z,20,machine learning,world,web,0
2015-01-10T23:00:00Z,22,machine learning,world,web,0
2015-01-17T23:00:00Z,23,machine learning,world,web,0
2015-01-24T23:00:00Z,21,machine learning,world,web,0
2015-01-31T23:00:00Z,22,machine learning,world,web,0
2015-02-07T23:00:00Z,25,machine learning,world,web,0
2015-02-14T23:00:00Z,21,machine learning,world,web,0
2015-02-21T23:00:00Z,22,machine learning,world,web,0
2015-02-28T23:00:00Z,22,machine learning,world,web,0
2015-03-07T23:00:00Z,23,machine learning,world,web,0
2015-03-14T23:00:00Z,20,machine learning,world,web,0
2015-03-21T23:00:00Z,20,machine learning,world,web,0
2015-03-28T23:00:00Z,21,machine learning,world,web,0
2015-04-04T22:00:00Z,24,machine learning,world,web,0
2015-04-11T22:00:00Z,26,machine learning,world,web,0
2015-04-18T22:00:00Z,24,machine learning,world,web,0
2015-04-25T22:00:00Z,23,machine learning,world,web,0
2015-05-02T22:00:00Z,24,machine learning,world,web,0
2015-05-09T22:00:00Z,25,machine learning,world,web,0
2015-05-16T22:00:00Z,21,machine learning,world,web,0
2015-05-23T22:00:00Z,21,machine learning,world,web,0
2015-05-30T22:00:00Z,24,machine learning,world,web,0
2015-06-06T22:00:00Z,25,machine learning,world,web,0
2015-06-13T22:00:00Z,23,machine learning,world,web,0
2015-06-20T22:00:00Z,24,machine learning,world,web,0
2015-06-27T22:00:00Z,24,machine learning,world,web,0
2015-07-04T22:00:00Z,23,machine learning,world,web,0
2015-07-11T22:00:00Z,24,machine learning,world,web,0
2015-07-18T22:00:00Z,22,machine learning,world,web,0
2015-07-25T22:00:00Z,25,machine learning,world,web,0
2015-08-01T22:00:00Z,23,machine learning,world,web,0
2015-08-08T22:00:00Z,23,machine learning,world,web,0
2015-08-15T22:00:00Z,24,machine learning,world,web,0
2015-08-22T22:00:00Z,25,machine learning,world,web,0
2015-08-29T22:00:00Z,24,machine learning,world,web,0
2015-09-05T22:00:00Z,25,machine learning,world,web,0
2015-09-12T22:00:00Z,27,machine learning,world,web,0
2015-09-19T22:00:00Z,25,machine learning,world,web,0
2015-09-26T22:00:00Z,26,machine learning,world,web,0
2015-10-03T22:00:00Z,28,machine learning,world,web,0
2015-10-10T22:00:00Z,29,machine learning,world,web,0
2015-10-17T22:00:00Z,30,machine learning,world,web,0
2015-10-24T22:00:00Z,29,machine learning,world,web,0
2015-10-31T23:00:00Z,29,machine learning,world,web,0
2015-11-07T23:00:00Z,35,machine learning,world,web,0
2015-11-14T23:00:00Z,30,machine learning,world,web,0
2015-11-21T23:00:00Z,28,machine learning,world,web,0
2015-11-28T23:00:00Z,31,machine learning,world,web,0
2015-12-05T23:00:00Z,30,machine learning,world,web,0
2015-12-12T23:00:00Z,32,machine learning,world,web,0
2015-12-19T23:00:00Z,26,machine learning,world,web,0
2015-12-26T23:00:00Z,25,machine learning,world,web,0
2016-01-02T23:00:00Z,27,machine learning,world,web,0
2016-01-09T23:00:00Z,27,machine learning,world,web,0
2016-01-16T23:00:00Z,28,machine learning,world,web,0
2016-01-23T23:00:00Z,32,machine learning,world,web,0
2016-01-30T23:00:00Z,33,machine learning,world,web,0
2016-02-06T23:00:00Z,30,machine learning,world,web,0
2016-02-13T23:00:00Z,31,machine learning,world,web,0
2016-02-20T23:00:00Z,31,machine learning,world,web,0
2016-02-27T23:00:00Z,30,machine learning,world,web,0
2016-03-05T23:00:00Z,35,machine learning,world,web,0
2016-03-12T23:00:00Z,34,machine learning,world,web,0
2016-03-19T23:00:00Z,36,machine learning,world,web,0
2016-03-26T23:00:00Z,33,machine learning,world,web,0
2016-04-02T22:00:00Z,36,machine learning,world,web,0
2016-04-09T22:00:00Z,33,machine learning,world,web,0
2016-04-16T22:00:00Z,33,machine learning,world,web,0
2016-04-23T22:00:00Z,34,machine learning,world,web,0
2016-04-30T22:00:00Z,32,machine learning,world,web,0
2016-05-07T22:00:00Z,37,machine learning,world,web,0
2016-05-14T22:00:00Z,38,machine learning,world,web,0
2016-05-21T22:00:00Z,34,machine learning,world,web,0
2016-05-28T22:00:00Z,36,machine learning,world,web,0
2016-06-04T22:00:00Z,35,machine learning,world,web,0
2016-06-11T22:00:00Z,38,machine learning,world,web,0
2016-06-18T22:00:00Z,38,machine learning,world,web,0
2016-06-25T22:00:00Z,35,machine learning,world,web,0
2016-07-02T22:00:00Z,33,machine learning,world,web,0
2016-07-09T22:00:00Z,34,machine learning,world,web,0
2016-07-16T22:00:00Z,32,machine learning,world,web,0
2016-07-23T22:00:00Z,32,machine learning,world,web,0
2016-07-30T22:00:00Z,34,machine learning,world,web,0
2016-08-06T22:00:00Z,33,machine learning,world,web,0
2016-08-13T22:00:00Z,32,machine learning,world,web,0
2016-08-20T22:00:00Z,37,machine learning,world,web,0
2016-08-27T22:00:00Z,34,machine learning,world,web,0
2016-09-03T22:00:00Z,35,machine learning,world,web,0
2016-09-10T22:00:00Z,40,machine learning,world,web,0
2016-09-17T22:00:00Z,43,machine learning,world,web,0
2016-09-24T22:00:00Z,44,machine learning,world,web,0
2016-10-01T22:00:00Z,45,machine learning,world,web,0
2016-10-08T22:00:00Z,42,machine learning,world,web,0
2016-10-15T22:00:00Z,47,machine learning,world,web,0
2016-10-22T22:00:00Z,48,machine learning,world,web,0
2016-10-29T22:00:00Z,47,machine learning,world,web,0
2016-11-05T23:00:00Z,45,machine learning,world,web,0
2016-11-12T23:00:00Z,47,machine learning,world,web,0
2016-11-19T23:00:00Z,46,machine learning,world,web,0
2016-11-26T23:00:00Z,54,machine learning,world,web,0
2016-12-03T23:00:00Z,51,machine learning,world,web,0
2016-12-10T23:00:00Z,49,machine learning,world,web,0
2016-12-17T23:00:00Z,43,machine learning,world,web,0
2016-12-24T23:00:00Z,37,machine learning,world,web,0
2016-12-31T23:00:00Z,49,machine learning,world,web,0
2017-01-07T23:00:00Z,56,machine learning,world,web,0
2017-01-14T23:00:00Z,54,machine learning,world,web,0
2017-01-21T23:00:00Z,54,machine learning,world,web,0
2017-01-28T23:00:00Z,55,machine learning,world,web,0
2017-02-04T23:00:00Z,56,machine learning,world,web,0
2017-02-11T23:00:00Z,55,machine learning,world,web,0
2017-02-18T23:00:00Z,57,machine learning,world,web,0
2017-02-25T23:00:00Z,60,machine learning,world,web,0
2017-03-04T23:00:00Z,59,machine learning,world,web,0
2017-03-11T23:00:00Z,60,machine learning,world,web,0
2017-03-18T23:00:00Z,61,machine learning,world,web,0
2017-03-25T23:00:00Z,66,machine learning,world,web,0
2017-04-01T22:00:00Z,62,machine learning,world,web,0
2017-04-08T22:00:00Z,60,machine learning,world,web,0
2017-04-15T22:00:00Z,61,machine learning,world,web,0
2017-04-22T22:00:00Z,62,machine learning,world,web,0
2017-04-29T22:00:00Z,63,machine learning,world,web,0
2017-05-06T22:00:00Z,64,machine learning,world,web,0
2017-05-13T22:00:00Z,68,machine learning,world,web,0
2017-05-20T22:00:00Z,69,machine learning,world,web,0
2017-05-27T22:00:00Z,62,machine learning,world,web,0
2017-06-03T22:00:00Z,65,machine learning,world,web,0
2017-06-10T22:00:00Z,68,machine learning,world,web,0
2017-06-17T22:00:00Z,71,machine learning,world,web,0
2017-06-24T22:00:00Z,62,machine learning,world,web,0
2017-07-01T22:00:00Z,61,machine learning,world,web,0
2017-07-08T22:00:00Z,65,machine learning,world,web,0
2017-07-15T22:00:00Z,66,machine learning,world,web,0
2017-07-22T22:00:00Z,66,machine learning,world,web,0
2017-07-29T22:00:00Z,68,machine learning,world,web,0
2017-08-05T22:00:00Z,64,machine learning,world,web,0
2017-08-12T22:00:00Z,64,machine learning,world,web,0
2017-08-19T22:00:00Z,65,machine learning,world,web,0
2017-08-26T22:00:00Z,67,machine learning,world,web,0
2017-09-02T22:00:00Z,65,machine learning,world,web,0
2017-09-09T22:00:00Z,75,machine learning,world,web,0
2017-09-16T22:00:00Z,72,machine learning,world,web,0
2017-09-23T22:00:00Z,78,machine learning,world,web,0
2017-09-30T22:00:00Z,74,machine learning,world,web,0
2017-10-07T22:00:00Z,77,machine learning,world,web,0
2017-10-14T22:00:00Z,75,machine learning,world,web,0
2017-10-21T22:00:00Z,82,machine learning,world,web,0
2017-10-28T22:00:00Z,81,machine learning,world,web,0
2017-11-04T23:00:00Z,84,machine learning,world,web,0
2017-11-11T23:00:00Z,78,machine learning,world,web,0
2017-11-18T23:00:00Z,75,machine learning,world,web,0
2017-11-25T23:00:00Z,79,machine learning,world,web,0
2017-12-02T23:00:00Z,84,machine learning,world,web,0
2017-12-09T23:00:00Z,82,machine learning,world,web,0
2017-12-16T23:00:00Z,75,machine learning,world,web,0
2017-12-23T23:00:00Z,61,machine learning,world,web,0
2017-12-30T23:00:00Z,66,machine learning,world,web,0
2018-01-06T23:00:00Z,78,machine learning,world,web,0
2018-01-13T23:00:00Z,81,machine learning,world,web,0
2018-01-20T23:00:00Z,81,machine learning,world,web,0
2018-01-27T23:00:00Z,83,machine learning,world,web,0
2018-02-03T23:00:00Z,81,machine learning,world,web,0
2018-02-10T23:00:00Z,81,machine learning,world,web,0
2018-02-17T23:00:00Z,83,machine learning,world,web,0
2018-02-24T23:00:00Z,84,machine learning,world,web,0
2018-03-03T23:00:00Z,85,machine learning,world,web,0
2018-03-10T23:00:00Z,81,machine learning,world,web,0
2018-03-17T23:00:00Z,85,machine learning,world,web,0
2018-03-24T23:00:00Z,82,machine learning,world,web,0
2018-03-31T22:00:00Z,82,machine learning,world,web,0
2018-04-07T22:00:00Z,84,machine learning,world,web,0
2018-04-14T22:00:00Z,84,machine learning,world,web,0
2018-04-21T22:00:00Z,86,machine learning,world,web,0
2018-04-28T22:00:00Z,80,machine learning,world,web,0
2018-05-05T22:00:00Z,88,machine learning,world,web,0
2018-05-12T22:00:00Z,86,machine learning,world,web,0
2018-05-19T22:00:00Z,84,machine learning,world,web,0
2018-05-26T22:00:00Z,83,machine learning,world,web,0
2018-06-02T22:00:00Z,88,machine learning,world,web,0
2018-06-09T22:00:00Z,84,machine learning,world,web,0
2018-06-16T22:00:00Z,82,machine learning,world,web,0
2018-06-23T22:00:00Z,82,machine learning,world,web,0
2018-06-30T22:00:00Z,77,machine learning,world,web,0
2018-07-07T22:00:00Z,83,machine learning,world,web,0
2018-07-14T22:00:00Z,83,machine learning,world,web,0
2018-07-21T22:00:00Z,81,machine learning,world,web,0
2018-07-28T22:00:00Z,80,machine learning,world,web,0
2018-08-04T22:00:00Z,87,machine learning,world,web,0
2018-08-11T22:00:00Z,81,machine learning,world,web,0
2018-08-18T22:00:00Z,79,machine learning,world,web,0
2018-08-25T22:00:00Z,86,machine learning,world,web,0
2018-09-01T22:00:00Z,85,machine learning,world,web,0
2018-09-08T22:00:00Z,88,machine learning,world,web,0
2018-09-15T22:00:00Z,89,machine learning,world,web,0
2018-09-22T22:00:00Z,93,machine learning,world,web,0
2018-09-29T22:00:00Z,91,machine learning,world,web,0
2018-10-06T22:00:00Z,92,machine learning,world,web,0
2018-10-13T22:00:00Z,93,machine learning,world,web,0
2018-10-20T22:00:00Z,92,machine learning,world,web,0
2018-10-27T22:00:00Z,85,machine learning,world,web,0
2018-11-03T23:00:00Z,83,machine learning,world,web,0
2018-11-10T23:00:00Z,93,machine learning,world,web,0
2018-11-17T23:00:00Z,85,machine learning,world,web,0
2018-11-24T23:00:00Z,98,machine learning,world,web,0
2018-12-01T23:00:00Z,97,machine learning,world,web,0
2018-12-08T23:00:00Z,93,machine learning,world,web,0
2018-12-15T23:00:00Z,85,machine learning,world,web,0
2018-12-22T23:00:00Z,62,machine learning,world,web,0
2018-12-29T23:00:00Z,69,machine learning,world,web,0
2019-01-05T23:00:00Z,90,machine learning,world,web,0
2019-01-12T23:00:00Z,93,machine learning,world,web,0
2019-01-19T23:00:00Z,91,machine learning,world,web,0
2019-01-26T23:00:00Z,91,machine learning,world,web,0
2019-02-02T23:00:00Z,97,machine learning,world,web,0
2019-02-09T23:00:00Z,96,machine learning,world,web,0
2019-02-16T23:00:00Z,100,machine learning,world,web,0
2019-02-23T23:00:00Z,92,machine learning,world,web,0
2019-03-02T23:00:00Z,92,machine learning,world,web,0
2019-03-09T23:00:00Z,91,machine learning,world,web,0
2019-03-16T23:00:00Z,90,machine learning,world,web,0
2019-03-23T23:00:00Z,98,machine learning,world,web,0
2019-03-30T23:00:00Z,94,machine learning,world,web,0
2019-04-06T22:00:00Z,95,machine learning,world,web,0
2019-04-13T22:00:00Z,87,machine learning,world,web,0
2019-04-20T22:00:00Z,73,machine learning,world,web,0
2014-04-26T22:00:00Z,26,data mining,world,web,0
2014-05-03T22:00:00Z,26,data mining,world,web,0
2014-05-10T22:00:00Z,25,data mining,world,web,0
2014-05-17T22:00:00Z,25,data mining,world,web,0
2014-05-24T22:00:00Z,25,data mining,world,web,0
2014-05-31T22:00:00Z,23,data mining,world,web,0
2014-06-07T22:00:00Z,21,data mining,world,web,0
2014-06-14T22:00:00Z,21,data mining,world,web,0
2014-06-21T22:00:00Z,21,data mining,world,web,0
2014-06-28T22:00:00Z,21,data mining,world,web,0
2014-07-05T22:00:00Z,19,data mining,world,web,0
2014-07-12T22:00:00Z,21,data mining,world,web,0
2014-07-19T22:00:00Z,23,data mining,world,web,0
2014-07-26T22:00:00Z,21,data mining,world,web,0
2014-08-02T22:00:00Z,23,data mining,world,web,0
2014-08-09T22:00:00Z,23,data mining,world,web,0
2014-08-16T22:00:00Z,23,data mining,world,web,0
2014-08-23T22:00:00Z,23,data mining,world,web,0
2014-08-30T22:00:00Z,24,data mining,world,web,0
2014-09-06T22:00:00Z,27,data mining,world,web,0
2014-09-13T22:00:00Z,29,data mining,world,web,0
2014-09-20T22:00:00Z,26,data mining,world,web,0
2014-09-27T22:00:00Z,25,data mining,world,web,0
2014-10-04T22:00:00Z,22,data mining,world,web,0
2014-10-11T22:00:00Z,30,data mining,world,web,0
2014-10-18T22:00:00Z,26,data mining,world,web,0
2014-10-25T22:00:00Z,30,data mining,world,web,0
2014-11-01T23:00:00Z,26,data mining,world,web,0
2014-11-08T23:00:00Z,28,data mining,world,web,0
2014-11-15T23:00:00Z,31,data mining,world,web,0
2014-11-22T23:00:00Z,27,data mining,world,web,0
2014-11-29T23:00:00Z,28,data mining,world,web,0
2014-12-06T23:00:00Z,28,data mining,world,web,0
2014-12-13T23:00:00Z,28,data mining,world,web,0
2014-12-20T23:00:00Z,21,data mining,world,web,0
2014-12-27T23:00:00Z,16,data mining,world,web,0
2015-01-03T23:00:00Z,25,data mining,world,web,0
2015-01-10T23:00:00Z,25,data mining,world,web,0
2015-01-17T23:00:00Z,27,data mining,world,web,0
2015-01-24T23:00:00Z,26,data mining,world,web,0
2015-01-31T23:00:00Z,27,data mining,world,web,0
2015-02-07T23:00:00Z,27,data mining,world,web,0
2015-02-14T23:00:00Z,23,data mining,world,web,0
2015-02-21T23:00:00Z,30,data mining,world,web,0
2015-02-28T23:00:00Z,28,data mining,world,web,0
2015-03-07T23:00:00Z,28,data mining,world,web,0
2015-03-14T23:00:00Z,28,data mining,world,web,0
2015-03-21T23:00:00Z,29,data mining,world,web,0
2015-03-28T23:00:00Z,25,data mining,world,web,0
2015-04-04T22:00:00Z,29,data mining,world,web,0
2015-04-11T22:00:00Z,28,data mining,world,web,0
2015-04-18T22:00:00Z,30,data mining,world,web,0
2015-04-25T22:00:00Z,27,data mining,world,web,0
2015-05-02T22:00:00Z,27,data mining,world,web,0
2015-05-09T22:00:00Z,24,data mining,world,web,0
2015-05-16T22:00:00Z,25,data mining,world,web,0
2015-05-23T22:00:00Z,23,data mining,world,web,0
2015-05-30T22:00:00Z,21,data mining,world,web,0
2015-06-06T22:00:00Z,21,data mining,world,web,0
2015-06-13T22:00:00Z,23,data mining,world,web,0
2015-06-20T22:00:00Z,23,data mining,world,web,0
2015-06-27T22:00:00Z,21,data mining,world,web,0
2015-07-04T22:00:00Z,23,data mining,world,web,0
2015-07-11T22:00:00Z,21,data mining,world,web,0
2015-07-18T22:00:00Z,23,data mining,world,web,0
2015-07-25T22:00:00Z,22,data mining,world,web,0
2015-08-01T22:00:00Z,23,data mining,world,web,0
2015-08-08T22:00:00Z,21,data mining,world,web,0
2015-08-15T22:00:00Z,23,data mining,world,web,0
2015-08-22T22:00:00Z,24,data mining,world,web,0
2015-08-29T22:00:00Z,24,data mining,world,web,0
2015-09-05T22:00:00Z,24,data mining,world,web,0
2015-09-12T22:00:00Z,24,data mining,world,web,0
2015-09-19T22:00:00Z,23,data mining,world,web,0
2015-09-26T22:00:00Z,28,data mining,world,web,0
2015-10-03T22:00:00Z,28,data mining,world,web,0
2015-10-10T22:00:00Z,26,data mining,world,web,0
2015-10-17T22:00:00Z,23,data mining,world,web,0
2015-10-24T22:00:00Z,26,data mining,world,web,0
2015-10-31T23:00:00Z,27,data mining,world,web,0
2015-11-07T23:00:00Z,24,data mining,world,web,0
2015-11-14T23:00:00Z,25,data mining,world,web,0
2015-11-21T23:00:00Z,24,data mining,world,web,0
2015-11-28T23:00:00Z,25,data mining,world,web,0
2015-12-05T23:00:00Z,26,data mining,world,web,0
2015-12-12T23:00:00Z,25,data mining,world,web,0
2015-12-19T23:00:00Z,17,data mining,world,web,0
2015-12-26T23:00:00Z,17,data mining,world,web,0
2016-01-02T23:00:00Z,23,data mining,world,web,0
2016-01-09T23:00:00Z,20,data mining,world,web,0
2016-01-16T23:00:00Z,25,data mining,world,web,0
2016-01-23T23:00:00Z,24,data mining,world,web,0
2016-01-30T23:00:00Z,26,data mining,world,web,0
2016-02-06T23:00:00Z,24,data mining,world,web,0
2016-02-13T23:00:00Z,23,data mining,world,web,0
2016-02-20T23:00:00Z,23,data mining,world,web,0
2016-02-27T23:00:00Z,26,data mining,world,web,0
2016-03-05T23:00:00Z,25,data mining,world,web,0
2016-03-12T23:00:00Z,26,data mining,world,web,0
2016-03-19T23:00:00Z,21,data mining,world,web,0
2016-03-26T23:00:00Z,24,data mining,world,web,0
2016-04-02T22:00:00Z,26,data mining,world,web,0
2016-04-09T22:00:00Z,25,data mining,world,web,0
2016-04-16T22:00:00Z,25,data mining,world,web,0
2016-04-23T22:00:00Z,25,data mining,world,web,0
2016-04-30T22:00:00Z,24,data mining,world,web,0
2016-05-07T22:00:00Z,24,data mining,world,web,0
2016-05-14T22:00:00Z,21,data mining,world,web,0
2016-05-21T22:00:00Z,21,data mining,world,web,0
2016-05-28T22:00:00Z,22,data mining,world,web,0
2016-06-04T22:00:00Z,20,data mining,world,web,0
2016-06-11T22:00:00Z,22,data mining,world,web,0
2016-06-18T22:00:00Z,18,data mining,world,web,0
2016-06-25T22:00:00Z,19,data mining,world,web,0
2016-07-02T22:00:00Z,17,data mining,world,web,0
2016-07-09T22:00:00Z,17,data mining,world,web,0
2016-07-16T22:00:00Z,19,data mining,world,web,0
2016-07-23T22:00:00Z,19,data mining,world,web,0
2016-07-30T22:00:00Z,19,data mining,world,web,0
2016-08-06T22:00:00Z,19,data mining,world,web,0
2016-08-13T22:00:00Z,19,data mining,world,web,0
2016-08-20T22:00:00Z,21,data mining,world,web,0
2016-08-27T22:00:00Z,22,data mining,world,web,0
2016-09-03T22:00:00Z,19,data mining,world,web,0
2016-09-10T22:00:00Z,23,data mining,world,web,0
2016-09-17T22:00:00Z,23,data mining,world,web,0
2016-09-24T22:00:00Z,24,data mining,world,web,0
2016-10-01T22:00:00Z,22,data mining,world,web,0
2016-10-08T22:00:00Z,22,data mining,world,web,0
2016-10-15T22:00:00Z,26,data mining,world,web,0
2016-10-22T22:00:00Z,24,data mining,world,web,0
2016-10-29T22:00:00Z,25,data mining,world,web,0
2016-11-05T23:00:00Z,24,data mining,world,web,0
2016-11-12T23:00:00Z,23,data mining,world,web,0
2016-11-19T23:00:00Z,25,data mining,world,web,0
2016-11-26T23:00:00Z,26,data mining,world,web,0
2016-12-03T23:00:00Z,25,data mining,world,web,0
2016-12-10T23:00:00Z,22,data mining,world,web,0
2016-12-17T23:00:00Z,21,data mining,world,web,0
2016-12-24T23:00:00Z,16,data mining,world,web,0
2016-12-31T23:00:00Z,19,data mining,world,web,0
2017-01-07T23:00:00Z,21,data mining,world,web,0
2017-01-14T23:00:00Z,23,data mining,world,web,0
2017-01-21T23:00:00Z,22,data mining,world,web,0
2017-01-28T23:00:00Z,24,data mining,world,web,0
2017-02-04T23:00:00Z,23,data mining,world,web,0
2017-02-11T23:00:00Z,23,data mining,world,web,0
2017-02-18T23:00:00Z,24,data mining,world,web,0
2017-02-25T23:00:00Z,26,data mining,world,web,0
2017-03-04T23:00:00Z,26,data mining,world,web,0
2017-03-11T23:00:00Z,26,data mining,world,web,0
2017-03-18T23:00:00Z,25,data mining,world,web,0
2017-03-25T23:00:00Z,26,data mining,world,web,0
2017-04-01T22:00:00Z,25,data mining,world,web,0
2017-04-08T22:00:00Z,25,data mining,world,web,0
2017-04-15T22:00:00Z,25,data mining,world,web,0
2017-04-22T22:00:00Z,27,data mining,world,web,0
2017-04-29T22:00:00Z,25,data mining,world,web,0
2017-05-06T22:00:00Z,24,data mining,world,web,0
2017-05-13T22:00:00Z,24,data mining,world,web,0
2017-05-20T22:00:00Z,21,data mining,world,web,0
2017-05-27T22:00:00Z,18,data mining,world,web,0
2017-06-03T22:00:00Z,20,data mining,world,web,0
2017-06-10T22:00:00Z,18,data mining,world,web,0
2017-06-17T22:00:00Z,20,data mining,world,web,0
2017-06-24T22:00:00Z,14,data mining,world,web,0
2017-07-01T22:00:00Z,18,data mining,world,web,0
2017-07-08T22:00:00Z,17,data mining,world,web,0
2017-07-15T22:00:00Z,18,data mining,world,web,0
2017-07-22T22:00:00Z,17,data mining,world,web,0
2017-07-29T22:00:00Z,18,data mining,world,web,0
2017-08-05T22:00:00Z,18,data mining,world,web,0
2017-08-12T22:00:00Z,18,data mining,world,web,0
2017-08-19T22:00:00Z,17,data mining,world,web,0
2017-08-26T22:00:00Z,20,data mining,world,web,0
2017-09-02T22:00:00Z,20,data mining,world,web,0
2017-09-09T22:00:00Z,23,data mining,world,web,0
2017-09-16T22:00:00Z,21,data mining,world,web,0
2017-09-23T22:00:00Z,21,data mining,world,web,0
2017-09-30T22:00:00Z,23,data mining,world,web,0
2017-10-07T22:00:00Z,23,data mining,world,web,0
2017-10-14T22:00:00Z,23,data mining,world,web,0
2017-10-21T22:00:00Z,24,data mining,world,web,0
2017-10-28T22:00:00Z,25,data mining,world,web,0
2017-11-04T23:00:00Z,27,data mining,world,web,0
2017-11-11T23:00:00Z,26,data mining,world,web,0
2017-11-18T23:00:00Z,25,data mining,world,web,0
2017-11-25T23:00:00Z,23,data mining,world,web,0
2017-12-02T23:00:00Z,27,data mining,world,web,0
2017-12-09T23:00:00Z,27,data mining,world,web,0
2017-12-16T23:00:00Z,21,data mining,world,web,0
2017-12-23T23:00:00Z,16,data mining,world,web,0
2017-12-30T23:00:00Z,18,data mining,world,web,0
2018-01-06T23:00:00Z,22,data mining,world,web,0
2018-01-13T23:00:00Z,22,data mining,world,web,0
2018-01-20T23:00:00Z,21,data mining,world,web,0
2018-01-27T23:00:00Z,23,data mining,world,web,0
2018-02-03T23:00:00Z,23,data mining,world,web,0
2018-02-10T23:00:00Z,20,data mining,world,web,0
2018-02-17T23:00:00Z,23,data mining,world,web,0
2018-02-24T23:00:00Z,23,data mining,world,web,0
2018-03-03T23:00:00Z,23,data mining,world,web,0
2018-03-10T23:00:00Z,22,data mining,world,web,0
2018-03-17T23:00:00Z,27,data mining,world,web,0
2018-03-24T23:00:00Z,21,data mining,world,web,0
2018-03-31T22:00:00Z,24,data mining,world,web,0
2018-04-07T22:00:00Z,26,data mining,world,web,0
2018-04-14T22:00:00Z,25,data mining,world,web,0
2018-04-21T22:00:00Z,24,data mining,world,web,0
2018-04-28T22:00:00Z,24,data mining,world,web,0
2018-05-05T22:00:00Z,23,data mining,world,web,0
2018-05-12T22:00:00Z,21,data mining,world,web,0
2018-05-19T22:00:00Z,19,data mining,world,web,0
2018-05-26T22:00:00Z,19,data mining,world,web,0
2018-06-02T22:00:00Z,18,data mining,world,web,0
2018-06-09T22:00:00Z,17,data mining,world,web,0
2018-06-16T22:00:00Z,16,data mining,world,web,0
2018-06-23T22:00:00Z,18,data mining,world,web,0
2018-06-30T22:00:00Z,16,data mining,world,web,0
2018-07-07T22:00:00Z,17,data mining,world,web,0
2018-07-14T22:00:00Z,18,data mining,world,web,0
2018-07-21T22:00:00Z,16,data mining,world,web,0
2018-07-28T22:00:00Z,18,data mining,world,web,0
2018-08-04T22:00:00Z,18,data mining,world,web,0
2018-08-11T22:00:00Z,14,data mining,world,web,0
2018-08-18T22:00:00Z,17,data mining,world,web,0
2018-08-25T22:00:00Z,19,data mining,world,web,0
2018-09-01T22:00:00Z,19,data mining,world,web,0
2018-09-08T22:00:00Z,18,data mining,world,web,0
2018-09-15T22:00:00Z,21,data mining,world,web,0
2018-09-22T22:00:00Z,22,data mining,world,web,0
2018-09-29T22:00:00Z,21,data mining,world,web,0
2018-10-06T22:00:00Z,21,data mining,world,web,0
2018-10-13T22:00:00Z,19,data mining,world,web,0
2018-10-20T22:00:00Z,22,data mining,world,web,0
2018-10-27T22:00:00Z,19,data mining,world,web,0
2018-11-03T23:00:00Z,19,data mining,world,web,0
2018-11-10T23:00:00Z,23,data mining,world,web,0
2018-11-17T23:00:00Z,21,data mining,world,web,0
2018-11-24T23:00:00Z,24,data mining,world,web,0
2018-12-01T23:00:00Z,24,data mining,world,web,0
2018-12-08T23:00:00Z,24,data mining,world,web,0
2018-12-15T23:00:00Z,16,data mining,world,web,0
2018-12-22T23:00:00Z,13,data mining,world,web,0
2018-12-29T23:00:00Z,15,data mining,world,web,0
2019-01-05T23:00:00Z,17,data mining,world,web,0
2019-01-12T23:00:00Z,18,data mining,world,web,0
2019-01-19T23:00:00Z,18,data mining,world,web,0
2019-01-26T23:00:00Z,19,data mining,world,web,0
2019-02-02T23:00:00Z,21,data mining,world,web,0
2019-02-09T23:00:00Z,19,data mining,world,web,0
2019-02-16T23:00:00Z,20,data mining,world,web,0
2019-02-23T23:00:00Z,21,data mining,world,web,0
2019-03-02T23:00:00Z,21,data mining,world,web,0
2019-03-09T23:00:00Z,19,data mining,world,web,0
2019-03-16T23:00:00Z,21,data mining,world,web,0
2019-03-23T23:00:00Z,21,data mining,world,web,0
2019-03-30T23:00:00Z,19,data mining,world,web,0
2019-04-06T22:00:00Z,21,data mining,world,web,0
2019-04-13T22:00:00Z,20,data mining,world,web,0
2019-04-20T22:00:00Z,24,data mining,world,web,0
2014-04-26T22:00:00Z,1,predictive modeling,world,web,0
2014-05-03T22:00:00Z,1,predictive modeling,world,web,0
2014-05-10T22:00:00Z,1,predictive modeling,world,web,0
2014-05-17T22:00:00Z,1,predictive modeling,world,web,0
2014-05-24T22:00:00Z,1,predictive modeling,world,web,0
2014-05-31T22:00:00Z,1,predictive modeling,world,web,0
2014-06-07T22:00:00Z,1,predictive modeling,world,web,0
2014-06-14T22:00:00Z,1,predictive modeling,world,web,0
2014-06-21T22:00:00Z,1,predictive modeling,world,web,0
2014-06-28T22:00:00Z,1,predictive modeling,world,web,0
2014-07-05T22:00:00Z,1,predictive modeling,world,web,0
2014-07-12T22:00:00Z,1,predictive modeling,world,web,0
2014-07-19T22:00:00Z,1,predictive modeling,world,web,0
2014-07-26T22:00:00Z,1,predictive modeling,world,web,0
2014-08-02T22:00:00Z,1,predictive modeling,world,web,0
2014-08-09T22:00:00Z,1,predictive modeling,world,web,0
2014-08-16T22:00:00Z,1,predictive modeling,world,web,0
2014-08-23T22:00:00Z,1,predictive modeling,world,web,0
2014-08-30T22:00:00Z,1,predictive modeling,world,web,0
2014-09-06T22:00:00Z,1,predictive modeling,world,web,0
2014-09-13T22:00:00Z,1,predictive modeling,world,web,0
2014-09-20T22:00:00Z,1,predictive modeling,world,web,0
2014-09-27T22:00:00Z,1,predictive modeling,world,web,0
2014-10-04T22:00:00Z,1,predictive modeling,world,web,0
2014-10-11T22:00:00Z,1,predictive modeling,world,web,0
2014-10-18T22:00:00Z,1,predictive modeling,world,web,0
2014-10-25T22:00:00Z,1,predictive modeling,world,web,0
2014-11-01T23:00:00Z,1,predictive modeling,world,web,0
2014-11-08T23:00:00Z,2,predictive modeling,world,web,0
2014-11-15T23:00:00Z,1,predictive modeling,world,web,0
2014-11-22T23:00:00Z,1,predictive modeling,world,web,0
2014-11-29T23:00:00Z,1,predictive modeling,world,web,0
2014-12-06T23:00:00Z,1,predictive modeling,world,web,0
2014-12-13T23:00:00Z,1,predictive modeling,world,web,0
2014-12-20T23:00:00Z,1,predictive modeling,world,web,0
2014-12-27T23:00:00Z,1,predictive modeling,world,web,0
2015-01-03T23:00:00Z,1,predictive modeling,world,web,0
2015-01-10T23:00:00Z,1,predictive modeling,world,web,0
2015-01-17T23:00:00Z,1,predictive modeling,world,web,0
2015-01-24T23:00:00Z,1,predictive modeling,world,web,0
2015-01-31T23:00:00Z,1,predictive modeling,world,web,0
2015-02-07T23:00:00Z,1,predictive modeling,world,web,0
2015-02-14T23:00:00Z,1,predictive modeling,world,web,0
2015-02-21T23:00:00Z,1,predictive modeling,world,web,0
2015-02-28T23:00:00Z,1,predictive modeling,world,web,0
2015-03-07T23:00:00Z,1,predictive modeling,world,web,0
2015-03-14T23:00:00Z,1,predictive modeling,world,web,0
2015-03-21T23:00:00Z,1,predictive modeling,world,web,0
2015-03-28T23:00:00Z,1,predictive modeling,world,web,0
2015-04-04T22:00:00Z,1,predictive modeling,world,web,0
2015-04-11T22:00:00Z,1,predictive modeling,world,web,0
2015-04-18T22:00:00Z,1,predictive modeling,world,web,0
2015-04-25T22:00:00Z,1,predictive modeling,world,web,0
2015-05-02T22:00:00Z,1,predictive modeling,world,web,0
2015-05-09T22:00:00Z,1,predictive modeling,world,web,0
2015-05-16T22:00:00Z,1,predictive modeling,world,web,0
2015-05-23T22:00:00Z,1,predictive modeling,world,web,0
2015-05-30T22:00:00Z,1,predictive modeling,world,web,0
2015-06-06T22:00:00Z,1,predictive modeling,world,web,0
2015-06-13T22:00:00Z,1,predictive modeling,world,web,0
2015-06-20T22:00:00Z,1,predictive modeling,world,web,0
2015-06-27T22:00:00Z,1,predictive modeling,world,web,0
2015-07-04T22:00:00Z,1,predictive modeling,world,web,0
2015-07-11T22:00:00Z,1,predictive modeling,world,web,0
2015-07-18T22:00:00Z,1,predictive modeling,world,web,0
2015-07-25T22:00:00Z,1,predictive modeling,world,web,0
2015-08-01T22:00:00Z,1,predictive modeling,world,web,0
2015-08-08T22:00:00Z,1,predictive modeling,world,web,0
2015-08-15T22:00:00Z,1,predictive modeling,world,web,0
2015-08-22T22:00:00Z,1,predictive modeling,world,web,0
2015-08-29T22:00:00Z,1,predictive modeling,world,web,0
2015-09-05T22:00:00Z,1,predictive modeling,world,web,0
2015-09-12T22:00:00Z,1,predictive modeling,world,web,0
2015-09-19T22:00:00Z,1,predictive modeling,world,web,0
2015-09-26T22:00:00Z,1,predictive modeling,world,web,0
2015-10-03T22:00:00Z,1,predictive modeling,world,web,0
2015-10-10T22:00:00Z,1,predictive modeling,world,web,0
2015-10-17T22:00:00Z,1,predictive modeling,world,web,0
2015-10-24T22:00:00Z,1,predictive modeling,world,web,0
2015-10-31T23:00:00Z,1,predictive modeling,world,web,0
2015-11-07T23:00:00Z,1,predictive modeling,world,web,0
2015-11-14T23:00:00Z,1,predictive modeling,world,web,0
2015-11-21T23:00:00Z,1,predictive modeling,world,web,0
2015-11-28T23:00:00Z,1,predictive modeling,world,web,0
2015-12-05T23:00:00Z,1,predictive modeling,world,web,0
2015-12-12T23:00:00Z,1,predictive modeling,world,web,0
2015-12-19T23:00:00Z,1,predictive modeling,world,web,0
2015-12-26T23:00:00Z,1,predictive modeling,world,web,0
2016-01-02T23:00:00Z,1,predictive modeling,world,web,0
2016-01-09T23:00:00Z,1,predictive modeling,world,web,0
2016-01-16T23:00:00Z,1,predictive modeling,world,web,0
2016-01-23T23:00:00Z,1,predictive modeling,world,web,0
2016-01-30T23:00:00Z,1,predictive modeling,world,web,0
2016-02-06T23:00:00Z,1,predictive modeling,world,web,0
2016-02-13T23:00:00Z,1,predictive modeling,world,web,0
2016-02-20T23:00:00Z,1,predictive modeling,world,web,0
2016-02-27T23:00:00Z,1,predictive modeling,world,web,0
2016-03-05T23:00:00Z,1,predictive modeling,world,web,0
2016-03-12T23:00:00Z,1,predictive modeling,world,web,0
2016-03-19T23:00:00Z,1,predictive modeling,world,web,0
2016-03-26T23:00:00Z,1,predictive modeling,world,web,0
2016-04-02T22:00:00Z,1,predictive modeling,world,web,0
2016-04-09T22:00:00Z,1,predictive modeling,world,web,0
2016-04-16T22:00:00Z,1,predictive modeling,world,web,0
2016-04-23T22:00:00Z,1,predictive modeling,world,web,0
2016-04-30T22:00:00Z,1,predictive modeling,world,web,0
2016-05-07T22:00:00Z,1,predictive modeling,world,web,0
2016-05-14T22:00:00Z,1,predictive modeling,world,web,0
2016-05-21T22:00:00Z,1,predictive modeling,world,web,0
2016-05-28T22:00:00Z,1,predictive modeling,world,web,0
2016-06-04T22:00:00Z,1,predictive modeling,world,web,0
2016-06-11T22:00:00Z,1,predictive modeling,world,web,0
2016-06-18T22:00:00Z,1,predictive modeling,world,web,0
2016-06-25T22:00:00Z,1,predictive modeling,world,web,0
2016-07-02T22:00:00Z,1,predictive modeling,world,web,0
2016-07-09T22:00:00Z,1,predictive modeling,world,web,0
2016-07-16T22:00:00Z,1,predictive modeling,world,web,0
2016-07-23T22:00:00Z,1,predictive modeling,world,web,0
2016-07-30T22:00:00Z,1,predictive modeling,world,web,0
2016-08-06T22:00:00Z,1,predictive modeling,world,web,0
2016-08-13T22:00:00Z,1,predictive modeling,world,web,0
2016-08-20T22:00:00Z,1,predictive modeling,world,web,0
2016-08-27T22:00:00Z,1,predictive modeling,world,web,0
2016-09-03T22:00:00Z,1,predictive modeling,world,web,0
2016-09-10T22:00:00Z,1,predictive modeling,world,web,0
2016-09-17T22:00:00Z,1,predictive modeling,world,web,0
2016-09-24T22:00:00Z,1,predictive modeling,world,web,0
2016-10-01T22:00:00Z,1,predictive modeling,world,web,0
2016-10-08T22:00:00Z,1,predictive modeling,world,web,0
2016-10-15T22:00:00Z,1,predictive modeling,world,web,0
2016-10-22T22:00:00Z,1,predictive modeling,world,web,0
2016-10-29T22:00:00Z,1,predictive modeling,world,web,0
2016-11-05T23:00:00Z,1,predictive modeling,world,web,0
2016-11-12T23:00:00Z,1,predictive modeling,world,web,0
2016-11-19T23:00:00Z,1,predictive modeling,world,web,0
2016-11-26T23:00:00Z,1,predictive modeling,world,web,0
2016-12-03T23:00:00Z,1,predictive modeling,world,web,0
2016-12-10T23:00:00Z,1,predictive modeling,world,web,0
2016-12-17T23:00:00Z,1,predictive modeling,world,web,0
2016-12-24T23:00:00Z,1,predictive modeling,world,web,0
2016-12-31T23:00:00Z,1,predictive modeling,world,web,0
2017-01-07T23:00:00Z,1,predictive modeling,world,web,0
2017-01-14T23:00:00Z,1,predictive modeling,world,web,0
2017-01-21T23:00:00Z,1,predictive modeling,world,web,0
2017-01-28T23:00:00Z,1,predictive modeling,world,web,0
2017-02-04T23:00:00Z,1,predictive modeling,world,web,0
2017-02-11T23:00:00Z,1,predictive modeling,world,web,0
2017-02-18T23:00:00Z,1,predictive modeling,world,web,0
2017-02-25T23:00:00Z,1,predictive modeling,world,web,0
2017-03-04T23:00:00Z,1,predictive modeling,world,web,0
2017-03-11T23:00:00Z,1,predictive modeling,world,web,0
2017-03-18T23:00:00Z,1,predictive modeling,world,web,0
2017-03-25T23:00:00Z,1,predictive modeling,world,web,0
2017-04-01T22:00:00Z,1,predictive modeling,world,web,0
2017-04-08T22:00:00Z,1,predictive modeling,world,web,0
2017-04-15T22:00:00Z,1,predictive modeling,world,web,0
2017-04-22T22:00:00Z,1,predictive modeling,world,web,0
2017-04-29T22:00:00Z,1,predictive modeling,world,web,0
2017-05-06T22:00:00Z,1,predictive modeling,world,web,0
2017-05-13T22:00:00Z,1,predictive modeling,world,web,0
2017-05-20T22:00:00Z,1,predictive modeling,world,web,0
2017-05-27T22:00:00Z,1,predictive modeling,world,web,0
2017-06-03T22:00:00Z,1,predictive modeling,world,web,0
2017-06-10T22:00:00Z,1,predictive modeling,world,web,0
2017-06-17T22:00:00Z,1,predictive modeling,world,web,0
2017-06-24T22:00:00Z,1,predictive modeling,world,web,0
2017-07-01T22:00:00Z,1,predictive modeling,world,web,0
2017-07-08T22:00:00Z,1,predictive modeling,world,web,0
2017-07-15T22:00:00Z,1,predictive modeling,world,web,0
2017-07-22T22:00:00Z,1,predictive modeling,world,web,0
2017-07-29T22:00:00Z,1,predictive modeling,world,web,0
2017-08-05T22:00:00Z,1,predictive modeling,world,web,0
2017-08-12T22:00:00Z,1,predictive modeling,world,web,0
2017-08-19T22:00:00Z,1,predictive modeling,world,web,0
2017-08-26T22:00:00Z,1,predictive modeling,world,web,0
2017-09-02T22:00:00Z,1,predictive modeling,world,web,0
2017-09-09T22:00:00Z,1,predictive modeling,world,web,0
2017-09-16T22:00:00Z,1,predictive modeling,world,web,0
2017-09-23T22:00:00Z,1,predictive modeling,world,web,0
2017-09-30T22:00:00Z,1,predictive modeling,world,web,0
2017-10-07T22:00:00Z,1,predictive modeling,world,web,0
2017-10-14T22:00:00Z,1,predictive modeling,world,web,0
2017-10-21T22:00:00Z,1,predictive modeling,world,web,0
2017-10-28T22:00:00Z,1,predictive modeling,world,web,0
2017-11-04T23:00:00Z,1,predictive modeling,world,web,0
2017-11-11T23:00:00Z,1,predictive modeling,world,web,0
2017-11-18T23:00:00Z,1,predictive modeling,world,web,0
2017-11-25T23:00:00Z,1,predictive modeling,world,web,0
2017-12-02T23:00:00Z,1,predictive modeling,world,web,0
2017-12-09T23:00:00Z,1,predictive modeling,world,web,0
2017-12-16T23:00:00Z,1,predictive modeling,world,web,0
2017-12-23T23:00:00Z,1,predictive modeling,world,web,0
2017-12-30T23:00:00Z,1,predictive modeling,world,web,0
2018-01-06T23:00:00Z,1,predictive modeling,world,web,0
2018-01-13T23:00:00Z,1,predictive modeling,world,web,0
2018-01-20T23:00:00Z,1,predictive modeling,world,web,0
2018-01-27T23:00:00Z,1,predictive modeling,world,web,0
2018-02-03T23:00:00Z,1,predictive modeling,world,web,0
2018-02-10T23:00:00Z,1,predictive modeling,world,web,0
2018-02-17T23:00:00Z,1,predictive modeling,world,web,0
2018-02-24T23:00:00Z,1,predictive modeling,world,web,0
2018-03-03T23:00:00Z,1,predictive modeling,world,web,0
2018-03-10T23:00:00Z,1,predictive modeling,world,web,0
2018-03-17T23:00:00Z,1,predictive modeling,world,web,0
2018-03-24T23:00:00Z,1,predictive modeling,world,web,0
2018-03-31T22:00:00Z,1,predictive modeling,world,web,0
2018-04-07T22:00:00Z,1,predictive modeling,world,web,0
2018-04-14T22:00:00Z,1,predictive modeling,world,web,0
2018-04-21T22:00:00Z,1,predictive modeling,world,web,0
2018-04-28T22:00:00Z,1,predictive modeling,world,web,0
2018-05-05T22:00:00Z,1,predictive modeling,world,web,0
2018-05-12T22:00:00Z,1,predictive modeling,world,web,0
2018-05-19T22:00:00Z,1,predictive modeling,world,web,0
2018-05-26T22:00:00Z,1,predictive modeling,world,web,0
2018-06-02T22:00:00Z,1,predictive modeling,world,web,0
2018-06-09T22:00:00Z,1,predictive modeling,world,web,0
2018-06-16T22:00:00Z,1,predictive modeling,world,web,0
2018-06-23T22:00:00Z,1,predictive modeling,world,web,0
2018-06-30T22:00:00Z,1,predictive modeling,world,web,0
2018-07-07T22:00:00Z,1,predictive modeling,world,web,0
2018-07-14T22:00:00Z,1,predictive modeling,world,web,0
2018-07-21T22:00:00Z,1,predictive modeling,world,web,0
2018-07-28T22:00:00Z,1,predictive modeling,world,web,0
2018-08-04T22:00:00Z,1,predictive modeling,world,web,0
2018-08-11T22:00:00Z,1,predictive modeling,world,web,0
2018-08-18T22:00:00Z,1,predictive modeling,world,web,0
2018-08-25T22:00:00Z,1,predictive modeling,world,web,0
2018-09-01T22:00:00Z,1,predictive modeling,world,web,0
2018-09-08T22:00:00Z,1,predictive modeling,world,web,0
2018-09-15T22:00:00Z,1,predictive modeling,world,web,0
2018-09-22T22:00:00Z,1,predictive modeling,world,web,0
2018-09-29T22:00:00Z,1,predictive modeling,world,web,0
2018-10-06T22:00:00Z,1,predictive modeling,world,web,0
2018-10-13T22:00:00Z,1,predictive modeling,world,web,0
2018-10-20T22:00:00Z,1,predictive modeling,world,web,0
2018-10-27T22:00:00Z,1,predictive modeling,world,web,0
2018-11-03T23:00:00Z,1,predictive modeling,world,web,0
2018-11-10T23:00:00Z,1,predictive modeling,world,web,0
2018-11-17T23:00:00Z,1,predictive modeling,world,web,0
2018-11-24T23:00:00Z,1,predictive modeling,world,web,0
2018-12-01T23:00:00Z,1,predictive modeling,world,web,0
2018-12-08T23:00:00Z,1,predictive modeling,world,web,0
2018-12-15T23:00:00Z,1,predictive modeling,world,web,0
2018-12-22T23:00:00Z,1,predictive modeling,world,web,0
2018-12-29T23:00:00Z,1,predictive modeling,world,web,0
2019-01-05T23:00:00Z,1,predictive modeling,world,web,0
2019-01-12T23:00:00Z,1,predictive modeling,world,web,0
2019-01-19T23:00:00Z,1,predictive modeling,world,web,0
2019-01-26T23:00:00Z,1,predictive modeling,world,web,0
2019-02-02T23:00:00Z,1,predictive modeling,world,web,0
2019-02-09T23:00:00Z,1,predictive modeling,world,web,0
2019-02-16T23:00:00Z,1,predictive modeling,world,web,0
2019-02-23T23:00:00Z,1,predictive modeling,world,web,0
2019-03-02T23:00:00Z,1,predictive modeling,world,web,0
2019-03-09T23:00:00Z,1,predictive modeling,world,web,0
2019-03-16T23:00:00Z,1,predictive modeling,world,web,0
2019-03-23T23:00:00Z,1,predictive modeling,world,web,0
2019-03-30T23:00:00Z,1,predictive modeling,world,web,0
2019-04-06T22:00:00Z,1,predictive modeling,world,web,0
2019-04-13T22:00:00Z,1,predictive modeling,world,web,0
2019-04-20T22:00:00Z,1,predictive modeling,world,web,0
2014-04-26T22:00:00Z,18,artificial intelligence,world,web,0
2014-05-03T22:00:00Z,21,artificial intelligence,world,web,0
2014-05-10T22:00:00Z,20,artificial intelligence,world,web,0
2014-05-17T22:00:00Z,19,artificial intelligence,world,web,0
2014-05-24T22:00:00Z,17,artificial intelligence,world,web,0
2014-05-31T22:00:00Z,17,artificial intelligence,world,web,0
2014-06-07T22:00:00Z,16,artificial intelligence,world,web,0
2014-06-14T22:00:00Z,17,artificial intelligence,world,web,0
2014-06-21T22:00:00Z,16,artificial intelligence,world,web,0
2014-06-28T22:00:00Z,16,artificial intelligence,world,web,0
2014-07-05T22:00:00Z,17,artificial intelligence,world,web,0
2014-07-12T22:00:00Z,15,artificial intelligence,world,web,0
2014-07-19T22:00:00Z,15,artificial intelligence,world,web,0
2014-07-26T22:00:00Z,16,artificial intelligence,world,web,0
2014-08-02T22:00:00Z,18,artificial intelligence,world,web,0
2014-08-09T22:00:00Z,19,artificial intelligence,world,web,0
2014-08-16T22:00:00Z,20,artificial intelligence,world,web,0
2014-08-23T22:00:00Z,18,artificial intelligence,world,web,0
2014-08-30T22:00:00Z,18,artificial intelligence,world,web,0
2014-09-06T22:00:00Z,19,artificial intelligence,world,web,0
2014-09-13T22:00:00Z,18,artificial intelligence,world,web,0
2014-09-20T22:00:00Z,18,artificial intelligence,world,web,0
2014-09-27T22:00:00Z,19,artificial intelligence,world,web,0
2014-10-04T22:00:00Z,17,artificial intelligence,world,web,0
2014-10-11T22:00:00Z,21,artificial intelligence,world,web,0
2014-10-18T22:00:00Z,18,artificial intelligence,world,web,0
2014-10-25T22:00:00Z,25,artificial intelligence,world,web,0
2014-11-01T23:00:00Z,20,artificial intelligence,world,web,0
2014-11-08T23:00:00Z,22,artificial intelligence,world,web,0
2014-11-15T23:00:00Z,25,artificial intelligence,world,web,0
2014-11-22T23:00:00Z,23,artificial intelligence,world,web,0
2014-11-29T23:00:00Z,31,artificial intelligence,world,web,0
2014-12-06T23:00:00Z,24,artificial intelligence,world,web,0
2014-12-13T23:00:00Z,19,artificial intelligence,world,web,0
2014-12-20T23:00:00Z,17,artificial intelligence,world,web,0
2014-12-27T23:00:00Z,16,artificial intelligence,world,web,0
2015-01-03T23:00:00Z,21,artificial intelligence,world,web,0
2015-01-10T23:00:00Z,21,artificial intelligence,world,web,0
2015-01-17T23:00:00Z,23,artificial intelligence,world,web,0
2015-01-24T23:00:00Z,23,artificial intelligence,world,web,0
2015-01-31T23:00:00Z,22,artificial intelligence,world,web,0
2015-02-07T23:00:00Z,21,artificial intelligence,world,web,0
2015-02-14T23:00:00Z,23,artificial intelligence,world,web,0
2015-02-21T23:00:00Z,24,artificial intelligence,world,web,0
2015-02-28T23:00:00Z,25,artificial intelligence,world,web,0
2015-03-07T23:00:00Z,24,artificial intelligence,world,web,0
2015-03-14T23:00:00Z,23,artificial intelligence,world,web,0
2015-03-21T23:00:00Z,22,artificial intelligence,world,web,0
2015-03-28T23:00:00Z,21,artificial intelligence,world,web,0
2015-04-04T22:00:00Z,22,artificial intelligence,world,web,0
2015-04-11T22:00:00Z,21,artificial intelligence,world,web,0
2015-04-18T22:00:00Z,22,artificial intelligence,world,web,0
2015-04-25T22:00:00Z,26,artificial intelligence,world,web,0
2015-05-02T22:00:00Z,26,artificial intelligence,world,web,0
2015-05-09T22:00:00Z,23,artificial intelligence,world,web,0
2015-05-16T22:00:00Z,26,artificial intelligence,world,web,0
2015-05-23T22:00:00Z,23,artificial intelligence,world,web,0
2015-05-30T22:00:00Z,24,artificial intelligence,world,web,0
2015-06-06T22:00:00Z,21,artificial intelligence,world,web,0
2015-06-13T22:00:00Z,22,artificial intelligence,world,web,0
2015-06-20T22:00:00Z,24,artificial intelligence,world,web,0
2015-06-27T22:00:00Z,24,artificial intelligence,world,web,0
2015-07-04T22:00:00Z,23,artificial intelligence,world,web,0
2015-07-11T22:00:00Z,22,artificial intelligence,world,web,0
2015-07-18T22:00:00Z,24,artificial intelligence,world,web,0
2015-07-25T22:00:00Z,29,artificial intelligence,world,web,0
2015-08-01T22:00:00Z,21,artificial intelligence,world,web,0
2015-08-08T22:00:00Z,23,artificial intelligence,world,web,0
2015-08-15T22:00:00Z,21,artificial intelligence,world,web,0
2015-08-22T22:00:00Z,20,artificial intelligence,world,web,0
2015-08-29T22:00:00Z,23,artificial intelligence,world,web,0
2015-09-05T22:00:00Z,25,artificial intelligence,world,web,0
2015-09-12T22:00:00Z,25,artificial intelligence,world,web,0
2015-09-19T22:00:00Z,23,artificial intelligence,world,web,0
2015-09-26T22:00:00Z,26,artificial intelligence,world,web,0
2015-10-03T22:00:00Z,25,artificial intelligence,world,web,0
2015-10-10T22:00:00Z,24,artificial intelligence,world,web,0
2015-10-17T22:00:00Z,22,artificial intelligence,world,web,0
2015-10-24T22:00:00Z,24,artificial intelligence,world,web,0
2015-10-31T23:00:00Z,25,artificial intelligence,world,web,0
2015-11-07T23:00:00Z,27,artificial intelligence,world,web,0
2015-11-14T23:00:00Z,28,artificial intelligence,world,web,0
2015-11-21T23:00:00Z,24,artificial intelligence,world,web,0
2015-11-28T23:00:00Z,30,artificial intelligence,world,web,0
2015-12-05T23:00:00Z,27,artificial intelligence,world,web,0
2015-12-12T23:00:00Z,25,artificial intelligence,world,web,0
2015-12-19T23:00:00Z,22,artificial intelligence,world,web,0
2015-12-26T23:00:00Z,19,artificial intelligence,world,web,0
2016-01-02T23:00:00Z,34,artificial intelligence,world,web,0
2016-01-09T23:00:00Z,24,artificial intelligence,world,web,0
2016-01-16T23:00:00Z,27,artificial intelligence,world,web,0
2016-01-23T23:00:00Z,28,artificial intelligence,world,web,0
2016-01-30T23:00:00Z,28,artificial intelligence,world,web,0
2016-02-06T23:00:00Z,25,artificial intelligence,world,web,0
2016-02-13T23:00:00Z,26,artificial intelligence,world,web,0
2016-02-20T23:00:00Z,27,artificial intelligence,world,web,0
2016-02-27T23:00:00Z,26,artificial intelligence,world,web,0
2016-03-05T23:00:00Z,32,artificial intelligence,world,web,0
2016-03-12T23:00:00Z,31,artificial intelligence,world,web,0
2016-03-19T23:00:00Z,29,artificial intelligence,world,web,0
2016-03-26T23:00:00Z,28,artificial intelligence,world,web,0
2016-04-02T22:00:00Z,29,artificial intelligence,world,web,0
2016-04-09T22:00:00Z,27,artificial intelligence,world,web,0
2016-04-16T22:00:00Z,27,artificial intelligence,world,web,0
2016-04-23T22:00:00Z,27,artificial intelligence,world,web,0
2016-04-30T22:00:00Z,27,artificial intelligence,world,web,0
2016-05-07T22:00:00Z,26,artificial intelligence,world,web,0
2016-05-14T22:00:00Z,26,artificial intelligence,world,web,0
2016-05-21T22:00:00Z,29,artificial intelligence,world,web,0
2016-05-28T22:00:00Z,26,artificial intelligence,world,web,0
2016-06-04T22:00:00Z,25,artificial intelligence,world,web,0
2016-06-11T22:00:00Z,25,artificial intelligence,world,web,0
2016-06-18T22:00:00Z,25,artificial intelligence,world,web,0
2016-06-25T22:00:00Z,23,artificial intelligence,world,web,0
2016-07-02T22:00:00Z,24,artificial intelligence,world,web,0
2016-07-09T22:00:00Z,22,artificial intelligence,world,web,0
2016-07-16T22:00:00Z,20,artificial intelligence,world,web,0
2016-07-23T22:00:00Z,19,artificial intelligence,world,web,0
2016-07-30T22:00:00Z,19,artificial intelligence,world,web,0
2016-08-06T22:00:00Z,21,artificial intelligence,world,web,0
2016-08-13T22:00:00Z,21,artificial intelligence,world,web,0
2016-08-20T22:00:00Z,23,artificial intelligence,world,web,0
2016-08-27T22:00:00Z,25,artificial intelligence,world,web,0
2016-09-03T22:00:00Z,25,artificial intelligence,world,web,0
2016-09-10T22:00:00Z,25,artificial intelligence,world,web,0
2016-09-17T22:00:00Z,26,artificial intelligence,world,web,0
2016-09-24T22:00:00Z,28,artificial intelligence,world,web,0
2016-10-01T22:00:00Z,30,artificial intelligence,world,web,0
2016-10-08T22:00:00Z,35,artificial intelligence,world,web,0
2016-10-15T22:00:00Z,32,artificial intelligence,world,web,0
2016-10-22T22:00:00Z,33,artificial intelligence,world,web,0
2016-10-29T22:00:00Z,33,artificial intelligence,world,web,0
2016-11-05T23:00:00Z,30,artificial intelligence,world,web,0
2016-11-12T23:00:00Z,34,artificial intelligence,world,web,0
2016-11-19T23:00:00Z,35,artificial intelligence,world,web,0
2016-11-26T23:00:00Z,31,artificial intelligence,world,web,0
2016-12-03T23:00:00Z,36,artificial intelligence,world,web,0
2016-12-10T23:00:00Z,32,artificial intelligence,world,web,0
2016-12-17T23:00:00Z,33,artificial intelligence,world,web,0
2016-12-24T23:00:00Z,27,artificial intelligence,world,web,0
2016-12-31T23:00:00Z,31,artificial intelligence,world,web,0
2017-01-07T23:00:00Z,32,artificial intelligence,world,web,0
2017-01-14T23:00:00Z,32,artificial intelligence,world,web,0
2017-01-21T23:00:00Z,33,artificial intelligence,world,web,0
2017-01-28T23:00:00Z,33,artificial intelligence,world,web,0
2017-02-04T23:00:00Z,34,artificial intelligence,world,web,0
2017-02-11T23:00:00Z,34,artificial intelligence,world,web,0
2017-02-18T23:00:00Z,34,artificial intelligence,world,web,0
2017-02-25T23:00:00Z,37,artificial intelligence,world,web,0
2017-03-04T23:00:00Z,36,artificial intelligence,world,web,0
2017-03-11T23:00:00Z,38,artificial intelligence,world,web,0
2017-03-18T23:00:00Z,34,artificial intelligence,world,web,0
2017-03-25T23:00:00Z,38,artificial intelligence,world,web,0
2017-04-01T22:00:00Z,37,artificial intelligence,world,web,0
2017-04-08T22:00:00Z,39,artificial intelligence,world,web,0
2017-04-15T22:00:00Z,38,artificial intelligence,world,web,0
2017-04-22T22:00:00Z,39,artificial intelligence,world,web,0
2017-04-29T22:00:00Z,40,artificial intelligence,world,web,0
2017-05-06T22:00:00Z,37,artificial intelligence,world,web,0
2017-05-13T22:00:00Z,42,artificial intelligence,world,web,0
2017-05-20T22:00:00Z,41,artificial intelligence,world,web,0
2017-05-27T22:00:00Z,34,artificial intelligence,world,web,0
2017-06-03T22:00:00Z,34,artificial intelligence,world,web,0
2017-06-10T22:00:00Z,35,artificial intelligence,world,web,0
2017-06-17T22:00:00Z,33,artificial intelligence,world,web,0
2017-06-24T22:00:00Z,34,artificial intelligence,world,web,0
2017-07-01T22:00:00Z,32,artificial intelligence,world,web,0
2017-07-08T22:00:00Z,36,artificial intelligence,world,web,0
2017-07-15T22:00:00Z,37,artificial intelligence,world,web,0
2017-07-22T22:00:00Z,42,artificial intelligence,world,web,0
2017-07-29T22:00:00Z,52,artificial intelligence,world,web,0
2017-08-05T22:00:00Z,38,artificial intelligence,world,web,0
2017-08-12T22:00:00Z,37,artificial intelligence,world,web,0
2017-08-19T22:00:00Z,42,artificial intelligence,world,web,0
2017-08-26T22:00:00Z,39,artificial intelligence,world,web,0
2017-09-02T22:00:00Z,53,artificial intelligence,world,web,0
2017-09-09T22:00:00Z,52,artificial intelligence,world,web,0
2017-09-16T22:00:00Z,46,artificial intelligence,world,web,0
2017-09-23T22:00:00Z,48,artificial intelligence,world,web,0
2017-09-30T22:00:00Z,45,artificial intelligence,world,web,0
2017-10-07T22:00:00Z,51,artificial intelligence,world,web,0
2017-10-14T22:00:00Z,49,artificial intelligence,world,web,0
2017-10-21T22:00:00Z,59,artificial intelligence,world,web,0
2017-10-28T22:00:00Z,56,artificial intelligence,world,web,0
2017-11-04T23:00:00Z,58,artificial intelligence,world,web,0
2017-11-11T23:00:00Z,54,artificial intelligence,world,web,0
2017-11-18T23:00:00Z,49,artificial intelligence,world,web,0
2017-11-25T23:00:00Z,59,artificial intelligence,world,web,0
2017-12-02T23:00:00Z,58,artificial intelligence,world,web,0
2017-12-09T23:00:00Z,55,artificial intelligence,world,web,0
2017-12-16T23:00:00Z,48,artificial intelligence,world,web,0
2017-12-23T23:00:00Z,37,artificial intelligence,world,web,0
2017-12-30T23:00:00Z,47,artificial intelligence,world,web,0
2018-01-06T23:00:00Z,48,artificial intelligence,world,web,0
2018-01-13T23:00:00Z,68,artificial intelligence,world,web,0
2018-01-20T23:00:00Z,68,artificial intelligence,world,web,0
2018-01-27T23:00:00Z,62,artificial intelligence,world,web,0
2018-02-03T23:00:00Z,57,artificial intelligence,world,web,0
2018-02-10T23:00:00Z,51,artificial intelligence,world,web,0
2018-02-17T23:00:00Z,54,artificial intelligence,world,web,0
2018-02-24T23:00:00Z,53,artificial intelligence,world,web,0
2018-03-03T23:00:00Z,54,artificial intelligence,world,web,0
2018-03-10T23:00:00Z,54,artificial intelligence,world,web,0
2018-03-17T23:00:00Z,52,artificial intelligence,world,web,0
2018-03-24T23:00:00Z,48,artificial intelligence,world,web,0
2018-03-31T22:00:00Z,51,artificial intelligence,world,web,0
2018-04-07T22:00:00Z,56,artificial intelligence,world,web,0
2018-04-14T22:00:00Z,53,artificial intelligence,world,web,0
2018-04-21T22:00:00Z,54,artificial intelligence,world,web,0
2018-04-28T22:00:00Z,49,artificial intelligence,world,web,0
2018-05-05T22:00:00Z,58,artificial intelligence,world,web,0
2018-05-12T22:00:00Z,54,artificial intelligence,world,web,0
2018-05-19T22:00:00Z,51,artificial intelligence,world,web,0
2018-05-26T22:00:00Z,47,artificial intelligence,world,web,0
2018-06-02T22:00:00Z,50,artificial intelligence,world,web,0
2018-06-09T22:00:00Z,43,artificial intelligence,world,web,0
2018-06-16T22:00:00Z,45,artificial intelligence,world,web,0
2018-06-23T22:00:00Z,43,artificial intelligence,world,web,0
2018-06-30T22:00:00Z,45,artificial intelligence,world,web,0
2018-07-07T22:00:00Z,43,artificial intelligence,world,web,0
2018-07-14T22:00:00Z,46,artificial intelligence,world,web,0
2018-07-21T22:00:00Z,47,artificial intelligence,world,web,0
2018-07-28T22:00:00Z,46,artificial intelligence,world,web,0
2018-08-04T22:00:00Z,48,artificial intelligence,world,web,0
2018-08-11T22:00:00Z,44,artificial intelligence,world,web,0
2018-08-18T22:00:00Z,41,artificial intelligence,world,web,0
2018-08-25T22:00:00Z,47,artificial intelligence,world,web,0
2018-09-01T22:00:00Z,50,artificial intelligence,world,web,0
2018-09-08T22:00:00Z,50,artificial intelligence,world,web,0
2018-09-15T22:00:00Z,56,artificial intelligence,world,web,0
2018-09-22T22:00:00Z,56,artificial intelligence,world,web,0
2018-09-29T22:00:00Z,49,artificial intelligence,world,web,0
2018-10-06T22:00:00Z,51,artificial intelligence,world,web,0
2018-10-13T22:00:00Z,51,artificial intelligence,world,web,0
2018-10-20T22:00:00Z,55,artificial intelligence,world,web,0
2018-10-27T22:00:00Z,52,artificial intelligence,world,web,0
2018-11-03T23:00:00Z,50,artificial intelligence,world,web,0
2018-11-10T23:00:00Z,55,artificial intelligence,world,web,0
2018-11-17T23:00:00Z,53,artificial intelligence,world,web,0
2018-11-24T23:00:00Z,57,artificial intelligence,world,web,0
2018-12-01T23:00:00Z,56,artificial intelligence,world,web,0
2018-12-08T23:00:00Z,55,artificial intelligence,world,web,0
2018-12-15T23:00:00Z,52,artificial intelligence,world,web,0
2018-12-22T23:00:00Z,40,artificial intelligence,world,web,0
2018-12-29T23:00:00Z,43,artificial intelligence,world,web,0
2019-01-05T23:00:00Z,51,artificial intelligence,world,web,0
2019-01-12T23:00:00Z,56,artificial intelligence,world,web,0
2019-01-19T23:00:00Z,52,artificial intelligence,world,web,0
2019-01-26T23:00:00Z,54,artificial intelligence,world,web,0
2019-02-02T23:00:00Z,50,artificial intelligence,world,web,0
2019-02-09T23:00:00Z,55,artificial intelligence,world,web,0
2019-02-16T23:00:00Z,57,artificial intelligence,world,web,0
2019-02-23T23:00:00Z,52,artificial intelligence,world,web,0
2019-03-02T23:00:00Z,54,artificial intelligence,world,web,0
2019-03-09T23:00:00Z,52,artificial intelligence,world,web,0
2019-03-16T23:00:00Z,55,artificial intelligence,world,web,0
2019-03-23T23:00:00Z,59,artificial intelligence,world,web,0
2019-03-30T23:00:00Z,53,artificial intelligence,world,web,0
2019-04-06T22:00:00Z,51,artificial intelligence,world,web,0
2019-04-13T22:00:00Z,48,artificial intelligence,world,web,0
2019-04-20T22:00:00Z,58,artificial intelligence,world,web,0
2014-04-26T22:00:00Z,17,Data science,world,web,0
2014-05-03T22:00:00Z,17,Data science,world,web,0
2014-05-10T22:00:00Z,15,Data science,world,web,0
2014-05-17T22:00:00Z,14,Data science,world,web,0
2014-05-24T22:00:00Z,15,Data science,world,web,0
2014-05-31T22:00:00Z,17,Data science,world,web,0
2014-06-07T22:00:00Z,16,Data science,world,web,0
2014-06-14T22:00:00Z,14,Data science,world,web,0
2014-06-21T22:00:00Z,14,Data science,world,web,0
2014-06-28T22:00:00Z,14,Data science,world,web,0
2014-07-05T22:00:00Z,14,Data science,world,web,0
2014-07-12T22:00:00Z,15,Data science,world,web,0
2014-07-19T22:00:00Z,17,Data science,world,web,0
2014-07-26T22:00:00Z,15,Data science,world,web,0
2014-08-02T22:00:00Z,18,Data science,world,web,0
2014-08-09T22:00:00Z,20,Data science,world,web,0
2014-08-16T22:00:00Z,21,Data science,world,web,0
2014-08-23T22:00:00Z,20,Data science,world,web,0
2014-08-30T22:00:00Z,25,Data science,world,web,0
2014-09-06T22:00:00Z,25,Data science,world,web,0
2014-09-13T22:00:00Z,21,Data science,world,web,0
2014-09-20T22:00:00Z,20,Data science,world,web,0
2014-09-27T22:00:00Z,19,Data science,world,web,0
2014-10-04T22:00:00Z,18,Data science,world,web,0
2014-10-11T22:00:00Z,22,Data science,world,web,0
2014-10-18T22:00:00Z,20,Data science,world,web,0
2014-10-25T22:00:00Z,22,Data science,world,web,0
2014-11-01T23:00:00Z,22,Data science,world,web,0
2014-11-08T23:00:00Z,20,Data science,world,web,0
2014-11-15T23:00:00Z,20,Data science,world,web,0
2014-11-22T23:00:00Z,19,Data science,world,web,0
2014-11-29T23:00:00Z,22,Data science,world,web,0
2014-12-06T23:00:00Z,21,Data science,world,web,0
2014-12-13T23:00:00Z,20,Data science,world,web,0
2014-12-20T23:00:00Z,14,Data science,world,web,0
2014-12-27T23:00:00Z,15,Data science,world,web,0
2015-01-03T23:00:00Z,23,Data science,world,web,0
2015-01-10T23:00:00Z,23,Data science,world,web,0
2015-01-17T23:00:00Z,24,Data science,world,web,0
2015-01-24T23:00:00Z,23,Data science,world,web,0
2015-01-31T23:00:00Z,24,Data science,world,web,0
2015-02-07T23:00:00Z,21,Data science,world,web,0
2015-02-14T23:00:00Z,21,Data science,world,web,0
2015-02-21T23:00:00Z,23,Data science,world,web,0
2015-02-28T23:00:00Z,24,Data science,world,web,0
2015-03-07T23:00:00Z,25,Data science,world,web,0
2015-03-14T23:00:00Z,22,Data science,world,web,0
2015-03-21T23:00:00Z,22,Data science,world,web,0
2015-03-28T23:00:00Z,23,Data science,world,web,0
2015-04-04T22:00:00Z,22,Data science,world,web,0
2015-04-11T22:00:00Z,23,Data science,world,web,0
2015-04-18T22:00:00Z,26,Data science,world,web,0
2015-04-25T22:00:00Z,23,Data science,world,web,0
2015-05-02T22:00:00Z,25,Data science,world,web,0
2015-05-09T22:00:00Z,21,Data science,world,web,0
2015-05-16T22:00:00Z,23,Data science,world,web,0
2015-05-23T22:00:00Z,22,Data science,world,web,0
2015-05-30T22:00:00Z,24,Data science,world,web,0
2015-06-06T22:00:00Z,25,Data science,world,web,0
2015-06-13T22:00:00Z,24,Data science,world,web,0
2015-06-20T22:00:00Z,23,Data science,world,web,0
2015-06-27T22:00:00Z,23,Data science,world,web,0
2015-07-04T22:00:00Z,26,Data science,world,web,0
2015-07-11T22:00:00Z,24,Data science,world,web,0
2015-07-18T22:00:00Z,22,Data science,world,web,0
2015-07-25T22:00:00Z,25,Data science,world,web,0
2015-08-01T22:00:00Z,25,Data science,world,web,0
2015-08-08T22:00:00Z,29,Data science,world,web,0
2015-08-15T22:00:00Z,27,Data science,world,web,0
2015-08-22T22:00:00Z,31,Data science,world,web,0
2015-08-29T22:00:00Z,33,Data science,world,web,0
2015-09-05T22:00:00Z,31,Data science,world,web,0
2015-09-12T22:00:00Z,35,Data science,world,web,0
2015-09-19T22:00:00Z,34,Data science,world,web,0
2015-09-26T22:00:00Z,32,Data science,world,web,0
2015-10-03T22:00:00Z,31,Data science,world,web,0
2015-10-10T22:00:00Z,29,Data science,world,web,0
2015-10-17T22:00:00Z,32,Data science,world,web,0
2015-10-24T22:00:00Z,30,Data science,world,web,0
2015-10-31T23:00:00Z,33,Data science,world,web,0
2015-11-07T23:00:00Z,29,Data science,world,web,0
2015-11-14T23:00:00Z,34,Data science,world,web,0
2015-11-21T23:00:00Z,25,Data science,world,web,0
2015-11-28T23:00:00Z,33,Data science,world,web,0
2015-12-05T23:00:00Z,30,Data science,world,web,0
2015-12-12T23:00:00Z,28,Data science,world,web,0
2015-12-19T23:00:00Z,23,Data science,world,web,0
2015-12-26T23:00:00Z,23,Data science,world,web,0
2016-01-02T23:00:00Z,30,Data science,world,web,0
2016-01-09T23:00:00Z,32,Data science,world,web,0
2016-01-16T23:00:00Z,32,Data science,world,web,0
2016-01-23T23:00:00Z,34,Data science,world,web,0
2016-01-30T23:00:00Z,33,Data science,world,web,0
2016-02-06T23:00:00Z,35,Data science,world,web,0
2016-02-13T23:00:00Z,31,Data science,world,web,0
2016-02-20T23:00:00Z,32,Data science,world,web,0
2016-02-27T23:00:00Z,31,Data science,world,web,0
2016-03-05T23:00:00Z,32,Data science,world,web,0
2016-03-12T23:00:00Z,34,Data science,world,web,0
2016-03-19T23:00:00Z,33,Data science,world,web,0
2016-03-26T23:00:00Z,30,Data science,world,web,0
2016-04-02T22:00:00Z,34,Data science,world,web,0
2016-04-09T22:00:00Z,32,Data science,world,web,0
2016-04-16T22:00:00Z,31,Data science,world,web,0
2016-04-23T22:00:00Z,33,Data science,world,web,0
2016-04-30T22:00:00Z,32,Data science,world,web,0
2016-05-07T22:00:00Z,35,Data science,world,web,0
2016-05-14T22:00:00Z,35,Data science,world,web,0
2016-05-21T22:00:00Z,33,Data science,world,web,0
2016-05-28T22:00:00Z,32,Data science,world,web,0
2016-06-04T22:00:00Z,33,Data science,world,web,0
2016-06-11T22:00:00Z,31,Data science,world,web,0
2016-06-18T22:00:00Z,35,Data science,world,web,0
2016-06-25T22:00:00Z,33,Data science,world,web,0
2016-07-02T22:00:00Z,31,Data science,world,web,0
2016-07-09T22:00:00Z,32,Data science,world,web,0
2016-07-16T22:00:00Z,34,Data science,world,web,0
2016-07-23T22:00:00Z,31,Data science,world,web,0
2016-07-30T22:00:00Z,31,Data science,world,web,0
2016-08-06T22:00:00Z,33,Data science,world,web,0
2016-08-13T22:00:00Z,34,Data science,world,web,0
2016-08-20T22:00:00Z,37,Data science,world,web,0
2016-08-27T22:00:00Z,40,Data science,world,web,0
2016-09-03T22:00:00Z,42,Data science,world,web,0
2016-09-10T22:00:00Z,50,Data science,world,web,0
2016-09-17T22:00:00Z,42,Data science,world,web,0
2016-09-24T22:00:00Z,41,Data science,world,web,0
2016-10-01T22:00:00Z,39,Data science,world,web,0
2016-10-08T22:00:00Z,42,Data science,world,web,0
2016-10-15T22:00:00Z,40,Data science,world,web,0
2016-10-22T22:00:00Z,42,Data science,world,web,0
2016-10-29T22:00:00Z,40,Data science,world,web,0
2016-11-05T23:00:00Z,41,Data science,world,web,0
2016-11-12T23:00:00Z,43,Data science,world,web,0
2016-11-19T23:00:00Z,37,Data science,world,web,0
2016-11-26T23:00:00Z,46,Data science,world,web,0
2016-12-03T23:00:00Z,46,Data science,world,web,0
2016-12-10T23:00:00Z,49,Data science,world,web,0
2016-12-17T23:00:00Z,38,Data science,world,web,0
2016-12-24T23:00:00Z,33,Data science,world,web,0
2016-12-31T23:00:00Z,43,Data science,world,web,0
2017-01-07T23:00:00Z,49,Data science,world,web,0
2017-01-14T23:00:00Z,48,Data science,world,web,0
2017-01-21T23:00:00Z,48,Data science,world,web,0
2017-01-28T23:00:00Z,52,Data science,world,web,0
2017-02-04T23:00:00Z,51,Data science,world,web,0
2017-02-11T23:00:00Z,47,Data science,world,web,0
2017-02-18T23:00:00Z,52,Data science,world,web,0
2017-02-25T23:00:00Z,54,Data science,world,web,0
2017-03-04T23:00:00Z,56,Data science,world,web,0
2017-03-11T23:00:00Z,49,Data science,world,web,0
2017-03-18T23:00:00Z,55,Data science,world,web,0
2017-03-25T23:00:00Z,57,Data science,world,web,0
2017-04-01T22:00:00Z,58,Data science,world,web,0
2017-04-08T22:00:00Z,52,Data science,world,web,0
2017-04-15T22:00:00Z,53,Data science,world,web,0
2017-04-22T22:00:00Z,53,Data science,world,web,0
2017-04-29T22:00:00Z,51,Data science,world,web,0
2017-05-06T22:00:00Z,54,Data science,world,web,0
2017-05-13T22:00:00Z,53,Data science,world,web,0
2017-05-20T22:00:00Z,54,Data science,world,web,0
2017-05-27T22:00:00Z,51,Data science,world,web,0
2017-06-03T22:00:00Z,56,Data science,world,web,0
2017-06-10T22:00:00Z,51,Data science,world,web,0
2017-06-17T22:00:00Z,51,Data science,world,web,0
2017-06-24T22:00:00Z,52,Data science,world,web,0
2017-07-01T22:00:00Z,52,Data science,world,web,0
2017-07-08T22:00:00Z,53,Data science,world,web,0
2017-07-15T22:00:00Z,52,Data science,world,web,0
2017-07-22T22:00:00Z,56,Data science,world,web,0
2017-07-29T22:00:00Z,56,Data science,world,web,0
2017-08-05T22:00:00Z,55,Data science,world,web,0
2017-08-12T22:00:00Z,56,Data science,world,web,0
2017-08-19T22:00:00Z,62,Data science,world,web,0
2017-08-26T22:00:00Z,62,Data science,world,web,0
2017-09-02T22:00:00Z,59,Data science,world,web,0
2017-09-09T22:00:00Z,67,Data science,world,web,0
2017-09-16T22:00:00Z,66,Data science,world,web,0
2017-09-23T22:00:00Z,68,Data science,world,web,0
2017-09-30T22:00:00Z,62,Data science,world,web,0
2017-10-07T22:00:00Z,66,Data science,world,web,0
2017-10-14T22:00:00Z,65,Data science,world,web,0
2017-10-21T22:00:00Z,68,Data science,world,web,0
2017-10-28T22:00:00Z,65,Data science,world,web,0
2017-11-04T23:00:00Z,65,Data science,world,web,0
2017-11-11T23:00:00Z,67,Data science,world,web,0
2017-11-18T23:00:00Z,59,Data science,world,web,0
2017-11-25T23:00:00Z,67,Data science,world,web,0
2017-12-02T23:00:00Z,65,Data science,world,web,0
2017-12-09T23:00:00Z,66,Data science,world,web,0
2017-12-16T23:00:00Z,58,Data science,world,web,0
2017-12-23T23:00:00Z,47,Data science,world,web,0
2017-12-30T23:00:00Z,64,Data science,world,web,0
2018-01-06T23:00:00Z,63,Data science,world,web,0
2018-01-13T23:00:00Z,69,Data science,world,web,0
2018-01-20T23:00:00Z,68,Data science,world,web,0
2018-01-27T23:00:00Z,69,Data science,world,web,0
2018-02-03T23:00:00Z,66,Data science,world,web,0
2018-02-10T23:00:00Z,70,Data science,world,web,0
2018-02-17T23:00:00Z,69,Data science,world,web,0
2018-02-24T23:00:00Z,73,Data science,world,web,0
2018-03-03T23:00:00Z,71,Data science,world,web,0
2018-03-10T23:00:00Z,72,Data science,world,web,0
2018-03-17T23:00:00Z,73,Data science,world,web,0
2018-03-24T23:00:00Z,67,Data science,world,web,0
2018-03-31T22:00:00Z,72,Data science,world,web,0
2018-04-07T22:00:00Z,74,Data science,world,web,0
2018-04-14T22:00:00Z,73,Data science,world,web,0
2018-04-21T22:00:00Z,71,Data science,world,web,0
2018-04-28T22:00:00Z,65,Data science,world,web,0
2018-05-05T22:00:00Z,73,Data science,world,web,0
2018-05-12T22:00:00Z,70,Data science,world,web,0
2018-05-19T22:00:00Z,72,Data science,world,web,0
2018-05-26T22:00:00Z,76,Data science,world,web,0
2018-06-02T22:00:00Z,72,Data science,world,web,0
2018-06-09T22:00:00Z,69,Data science,world,web,0
2018-06-16T22:00:00Z,70,Data science,world,web,0
2018-06-23T22:00:00Z,70,Data science,world,web,0
2018-06-30T22:00:00Z,66,Data science,world,web,0
2018-07-07T22:00:00Z,72,Data science,world,web,0
2018-07-14T22:00:00Z,77,Data science,world,web,0
2018-07-21T22:00:00Z,79,Data science,world,web,0
2018-07-28T22:00:00Z,79,Data science,world,web,0
2018-08-04T22:00:00Z,72,Data science,world,web,0
2018-08-11T22:00:00Z,74,Data science,world,web,0
2018-08-18T22:00:00Z,79,Data science,world,web,0
2018-08-25T22:00:00Z,82,Data science,world,web,0
2018-09-01T22:00:00Z,84,Data science,world,web,0
2018-09-08T22:00:00Z,83,Data science,world,web,0
2018-09-15T22:00:00Z,88,Data science,world,web,0
2018-09-22T22:00:00Z,86,Data science,world,web,0
2018-09-29T22:00:00Z,87,Data science,world,web,0
2018-10-06T22:00:00Z,90,Data science,world,web,0
2018-10-13T22:00:00Z,85,Data science,world,web,0
2018-10-20T22:00:00Z,84,Data science,world,web,0
2018-10-27T22:00:00Z,80,Data science,world,web,0
2018-11-03T23:00:00Z,85,Data science,world,web,0
2018-11-10T23:00:00Z,88,Data science,world,web,0
2018-11-17T23:00:00Z,78,Data science,world,web,0
2018-11-24T23:00:00Z,85,Data science,world,web,0
2018-12-01T23:00:00Z,81,Data science,world,web,0
2018-12-08T23:00:00Z,88,Data science,world,web,0
2018-12-15T23:00:00Z,77,Data science,world,web,0
2018-12-22T23:00:00Z,63,Data science,world,web,0
2018-12-29T23:00:00Z,72,Data science,world,web,0
2019-01-05T23:00:00Z,93,Data science,world,web,0
2019-01-12T23:00:00Z,91,Data science,world,web,0
2019-01-19T23:00:00Z,92,Data science,world,web,0
2019-01-26T23:00:00Z,97,Data science,world,web,0
2019-02-02T23:00:00Z,96,Data science,world,web,0
2019-02-09T23:00:00Z,92,Data science,world,web,0
2019-02-16T23:00:00Z,95,Data science,world,web,0
2019-02-23T23:00:00Z,98,Data science,world,web,0
2019-03-02T23:00:00Z,92,Data science,world,web,0
2019-03-09T23:00:00Z,92,Data science,world,web,0
2019-03-16T23:00:00Z,94,Data science,world,web,0
2019-03-23T23:00:00Z,94,Data science,world,web,0
2019-03-30T23:00:00Z,100,Data science,world,web,0
2019-04-06T22:00:00Z,98,Data science,world,web,0
2019-04-13T22:00:00Z,90,Data science,world,web,0
2019-04-20T22:00:00Z,72,Data science,world,web,0
2014-04-26T22:00:00Z,4,Predictive analytics,world,web,0
2014-05-03T22:00:00Z,4,Predictive analytics,world,web,0
2014-05-10T22:00:00Z,4,Predictive analytics,world,web,0
2014-05-17T22:00:00Z,4,Predictive analytics,world,web,0
2014-05-24T22:00:00Z,4,Predictive analytics,world,web,0
2014-05-31T22:00:00Z,4,Predictive analytics,world,web,0
2014-06-07T22:00:00Z,4,Predictive analytics,world,web,0
2014-06-14T22:00:00Z,4,Predictive analytics,world,web,0
2014-06-21T22:00:00Z,5,Predictive analytics,world,web,0
2014-06-28T22:00:00Z,4,Predictive analytics,world,web,0
2014-07-05T22:00:00Z,3,Predictive analytics,world,web,0
2014-07-12T22:00:00Z,5,Predictive analytics,world,web,0
2014-07-19T22:00:00Z,3,Predictive analytics,world,web,0
2014-07-26T22:00:00Z,4,Predictive analytics,world,web,0
2014-08-02T22:00:00Z,4,Predictive analytics,world,web,0
2014-08-09T22:00:00Z,4,Predictive analytics,world,web,0
2014-08-16T22:00:00Z,4,Predictive analytics,world,web,0
2014-08-23T22:00:00Z,4,Predictive analytics,world,web,0
2014-08-30T22:00:00Z,4,Predictive analytics,world,web,0
2014-09-06T22:00:00Z,5,Predictive analytics,world,web,0
2014-09-13T22:00:00Z,5,Predictive analytics,world,web,0
2014-09-20T22:00:00Z,4,Predictive analytics,world,web,0
2014-09-27T22:00:00Z,5,Predictive analytics,world,web,0
2014-10-04T22:00:00Z,4,Predictive analytics,world,web,0
2014-10-11T22:00:00Z,4,Predictive analytics,world,web,0
2014-10-18T22:00:00Z,3,Predictive analytics,world,web,0
2014-10-25T22:00:00Z,4,Predictive analytics,world,web,0
2014-11-01T23:00:00Z,4,Predictive analytics,world,web,0
2014-11-08T23:00:00Z,4,Predictive analytics,world,web,0
2014-11-15T23:00:00Z,5,Predictive analytics,world,web,0
2014-11-22T23:00:00Z,3,Predictive analytics,world,web,0
2014-11-29T23:00:00Z,5,Predictive analytics,world,web,0
2014-12-06T23:00:00Z,3,Predictive analytics,world,web,0
2014-12-13T23:00:00Z,3,Predictive analytics,world,web,0
2014-12-20T23:00:00Z,2,Predictive analytics,world,web,0
2014-12-27T23:00:00Z,3,Predictive analytics,world,web,0
2015-01-03T23:00:00Z,3,Predictive analytics,world,web,0
2015-01-10T23:00:00Z,4,Predictive analytics,world,web,0
2015-01-17T23:00:00Z,4,Predictive analytics,world,web,0
2015-01-24T23:00:00Z,4,Predictive analytics,world,web,0
2015-01-31T23:00:00Z,5,Predictive analytics,world,web,0
2015-02-07T23:00:00Z,5,Predictive analytics,world,web,0
2015-02-14T23:00:00Z,5,Predictive analytics,world,web,0
2015-02-21T23:00:00Z,5,Predictive analytics,world,web,0
2015-02-28T23:00:00Z,5,Predictive analytics,world,web,0
2015-03-07T23:00:00Z,4,Predictive analytics,world,web,0
2015-03-14T23:00:00Z,5,Predictive analytics,world,web,0
2015-03-21T23:00:00Z,5,Predictive analytics,world,web,0
2015-03-28T23:00:00Z,5,Predictive analytics,world,web,0
2015-04-04T22:00:00Z,5,Predictive analytics,world,web,0
2015-04-11T22:00:00Z,5,Predictive analytics,world,web,0
2015-04-18T22:00:00Z,4,Predictive analytics,world,web,0
2015-04-25T22:00:00Z,5,Predictive analytics,world,web,0
2015-05-02T22:00:00Z,5,Predictive analytics,world,web,0
2015-05-09T22:00:00Z,5,Predictive analytics,world,web,0
2015-05-16T22:00:00Z,5,Predictive analytics,world,web,0
2015-05-23T22:00:00Z,5,Predictive analytics,world,web,0
2015-05-30T22:00:00Z,4,Predictive analytics,world,web,0
2015-06-06T22:00:00Z,4,Predictive analytics,world,web,0
2015-06-13T22:00:00Z,5,Predictive analytics,world,web,0
2015-06-20T22:00:00Z,6,Predictive analytics,world,web,0
2015-06-27T22:00:00Z,6,Predictive analytics,world,web,0
2015-07-04T22:00:00Z,4,Predictive analytics,world,web,0
2015-07-11T22:00:00Z,5,Predictive analytics,world,web,0
2015-07-18T22:00:00Z,5,Predictive analytics,world,web,0
2015-07-25T22:00:00Z,5,Predictive analytics,world,web,0
2015-08-01T22:00:00Z,5,Predictive analytics,world,web,0
2015-08-08T22:00:00Z,5,Predictive analytics,world,web,0
2015-08-15T22:00:00Z,5,Predictive analytics,world,web,0
2015-08-22T22:00:00Z,5,Predictive analytics,world,web,0
2015-08-29T22:00:00Z,5,Predictive analytics,world,web,0
2015-09-05T22:00:00Z,5,Predictive analytics,world,web,0
2015-09-12T22:00:00Z,5,Predictive analytics,world,web,0
2015-09-19T22:00:00Z,5,Predictive analytics,world,web,0
2015-09-26T22:00:00Z,5,Predictive analytics,world,web,0
2015-10-03T22:00:00Z,5,Predictive analytics,world,web,0
2015-10-10T22:00:00Z,6,Predictive analytics,world,web,0
2015-10-17T22:00:00Z,5,Predictive analytics,world,web,0
2015-10-24T22:00:00Z,5,Predictive analytics,world,web,0
2015-10-31T23:00:00Z,4,Predictive analytics,world,web,0
2015-11-07T23:00:00Z,4,Predictive analytics,world,web,0
2015-11-14T23:00:00Z,6,Predictive analytics,world,web,0
2015-11-21T23:00:00Z,4,Predictive analytics,world,web,0
2015-11-28T23:00:00Z,4,Predictive analytics,world,web,0
2015-12-05T23:00:00Z,5,Predictive analytics,world,web,0
2015-12-12T23:00:00Z,4,Predictive analytics,world,web,0
2015-12-19T23:00:00Z,3,Predictive analytics,world,web,0
2015-12-26T23:00:00Z,3,Predictive analytics,world,web,0
2016-01-02T23:00:00Z,4,Predictive analytics,world,web,0
2016-01-09T23:00:00Z,5,Predictive analytics,world,web,0
2016-01-16T23:00:00Z,4,Predictive analytics,world,web,0
2016-01-23T23:00:00Z,5,Predictive analytics,world,web,0
2016-01-30T23:00:00Z,5,Predictive analytics,world,web,0
2016-02-06T23:00:00Z,4,Predictive analytics,world,web,0
2016-02-13T23:00:00Z,4,Predictive analytics,world,web,0
2016-02-20T23:00:00Z,5,Predictive analytics,world,web,0
2016-02-27T23:00:00Z,5,Predictive analytics,world,web,0
2016-03-05T23:00:00Z,5,Predictive analytics,world,web,0
2016-03-12T23:00:00Z,5,Predictive analytics,world,web,0
2016-03-19T23:00:00Z,4,Predictive analytics,world,web,0
2016-03-26T23:00:00Z,5,Predictive analytics,world,web,0
2016-04-02T22:00:00Z,6,Predictive analytics,world,web,0
2016-04-09T22:00:00Z,5,Predictive analytics,world,web,0
2016-04-16T22:00:00Z,6,Predictive analytics,world,web,0
2016-04-23T22:00:00Z,6,Predictive analytics,world,web,0
2016-04-30T22:00:00Z,5,Predictive analytics,world,web,0
2016-05-07T22:00:00Z,6,Predictive analytics,world,web,0
2016-05-14T22:00:00Z,5,Predictive analytics,world,web,0
2016-05-21T22:00:00Z,6,Predictive analytics,world,web,0
2016-05-28T22:00:00Z,5,Predictive analytics,world,web,0
2016-06-04T22:00:00Z,6,Predictive analytics,world,web,0
2016-06-11T22:00:00Z,5,Predictive analytics,world,web,0
2016-06-18T22:00:00Z,4,Predictive analytics,world,web,0
2016-06-25T22:00:00Z,5,Predictive analytics,world,web,0
2016-07-02T22:00:00Z,5,Predictive analytics,world,web,0
2016-07-09T22:00:00Z,6,Predictive analytics,world,web,0
2016-07-16T22:00:00Z,5,Predictive analytics,world,web,0
2016-07-23T22:00:00Z,5,Predictive analytics,world,web,0
2016-07-30T22:00:00Z,5,Predictive analytics,world,web,0
2016-08-06T22:00:00Z,5,Predictive analytics,world,web,0
2016-08-13T22:00:00Z,4,Predictive analytics,world,web,0
2016-08-20T22:00:00Z,5,Predictive analytics,world,web,0
2016-08-27T22:00:00Z,6,Predictive analytics,world,web,0
2016-09-03T22:00:00Z,5,Predictive analytics,world,web,0
2016-09-10T22:00:00Z,5,Predictive analytics,world,web,0
2016-09-17T22:00:00Z,5,Predictive analytics,world,web,0
2016-09-24T22:00:00Z,5,Predictive analytics,world,web,0
2016-10-01T22:00:00Z,4,Predictive analytics,world,web,0
2016-10-08T22:00:00Z,6,Predictive analytics,world,web,0
2016-10-15T22:00:00Z,5,Predictive analytics,world,web,0
2016-10-22T22:00:00Z,7,Predictive analytics,world,web,0
2016-10-29T22:00:00Z,6,Predictive analytics,world,web,0
2016-11-05T23:00:00Z,6,Predictive analytics,world,web,0
2016-11-12T23:00:00Z,7,Predictive analytics,world,web,0
2016-11-19T23:00:00Z,5,Predictive analytics,world,web,0
2016-11-26T23:00:00Z,6,Predictive analytics,world,web,0
2016-12-03T23:00:00Z,6,Predictive analytics,world,web,0
2016-12-10T23:00:00Z,7,Predictive analytics,world,web,0
2016-12-17T23:00:00Z,6,Predictive analytics,world,web,0
2016-12-24T23:00:00Z,4,Predictive analytics,world,web,0
2016-12-31T23:00:00Z,4,Predictive analytics,world,web,0
2017-01-07T23:00:00Z,5,Predictive analytics,world,web,0
2017-01-14T23:00:00Z,6,Predictive analytics,world,web,0
2017-01-21T23:00:00Z,7,Predictive analytics,world,web,0
2017-01-28T23:00:00Z,6,Predictive analytics,world,web,0
2017-02-04T23:00:00Z,6,Predictive analytics,world,web,0
2017-02-11T23:00:00Z,6,Predictive analytics,world,web,0
2017-02-18T23:00:00Z,5,Predictive analytics,world,web,0
2017-02-25T23:00:00Z,7,Predictive analytics,world,web,0
2017-03-04T23:00:00Z,7,Predictive analytics,world,web,0
2017-03-11T23:00:00Z,6,Predictive analytics,world,web,0
2017-03-18T23:00:00Z,6,Predictive analytics,world,web,0
2017-03-25T23:00:00Z,5,Predictive analytics,world,web,0
2017-04-01T22:00:00Z,7,Predictive analytics,world,web,0
2017-04-08T22:00:00Z,8,Predictive analytics,world,web,0
2017-04-15T22:00:00Z,8,Predictive analytics,world,web,0
2017-04-22T22:00:00Z,5,Predictive analytics,world,web,0
2017-04-29T22:00:00Z,5,Predictive analytics,world,web,0
2017-05-06T22:00:00Z,5,Predictive analytics,world,web,0
2017-05-13T22:00:00Z,6,Predictive analytics,world,web,0
2017-05-20T22:00:00Z,6,Predictive analytics,world,web,0
2017-05-27T22:00:00Z,6,Predictive analytics,world,web,0
2017-06-03T22:00:00Z,6,Predictive analytics,world,web,0
2017-06-10T22:00:00Z,6,Predictive analytics,world,web,0
2017-06-17T22:00:00Z,6,Predictive analytics,world,web,0
2017-06-24T22:00:00Z,5,Predictive analytics,world,web,0
2017-07-01T22:00:00Z,5,Predictive analytics,world,web,0
2017-07-08T22:00:00Z,6,Predictive analytics,world,web,0
2017-07-15T22:00:00Z,4,Predictive analytics,world,web,0
2017-07-22T22:00:00Z,6,Predictive analytics,world,web,0
2017-07-29T22:00:00Z,6,Predictive analytics,world,web,0
2017-08-05T22:00:00Z,6,Predictive analytics,world,web,0
2017-08-12T22:00:00Z,5,Predictive analytics,world,web,0
2017-08-19T22:00:00Z,6,Predictive analytics,world,web,0
2017-08-26T22:00:00Z,5,Predictive analytics,world,web,0
2017-09-02T22:00:00Z,7,Predictive analytics,world,web,0
2017-09-09T22:00:00Z,7,Predictive analytics,world,web,0
2017-09-16T22:00:00Z,7,Predictive analytics,world,web,0
2017-09-23T22:00:00Z,5,Predictive analytics,world,web,0
2017-09-30T22:00:00Z,6,Predictive analytics,world,web,0
2017-10-07T22:00:00Z,7,Predictive analytics,world,web,0
2017-10-14T22:00:00Z,6,Predictive analytics,world,web,0
2017-10-21T22:00:00Z,7,Predictive analytics,world,web,0
2017-10-28T22:00:00Z,6,Predictive analytics,world,web,0
2017-11-04T23:00:00Z,6,Predictive analytics,world,web,0
2017-11-11T23:00:00Z,6,Predictive analytics,world,web,0
2017-11-18T23:00:00Z,6,Predictive analytics,world,web,0
2017-11-25T23:00:00Z,6,Predictive analytics,world,web,0
2017-12-02T23:00:00Z,6,Predictive analytics,world,web,0
2017-12-09T23:00:00Z,5,Predictive analytics,world,web,0
2017-12-16T23:00:00Z,6,Predictive analytics,world,web,0
2017-12-23T23:00:00Z,3,Predictive analytics,world,web,0
2017-12-30T23:00:00Z,5,Predictive analytics,world,web,0
2018-01-06T23:00:00Z,5,Predictive analytics,world,web,0
2018-01-13T23:00:00Z,5,Predictive analytics,world,web,0
2018-01-20T23:00:00Z,6,Predictive analytics,world,web,0
2018-01-27T23:00:00Z,6,Predictive analytics,world,web,0
2018-02-03T23:00:00Z,7,Predictive analytics,world,web,0
2018-02-10T23:00:00Z,6,Predictive analytics,world,web,0
2018-02-17T23:00:00Z,6,Predictive analytics,world,web,0
2018-02-24T23:00:00Z,6,Predictive analytics,world,web,0
2018-03-03T23:00:00Z,6,Predictive analytics,world,web,0
2018-03-10T23:00:00Z,6,Predictive analytics,world,web,0
2018-03-17T23:00:00Z,6,Predictive analytics,world,web,0
2018-03-24T23:00:00Z,7,Predictive analytics,world,web,0
2018-03-31T22:00:00Z,5,Predictive analytics,world,web,0
2018-04-07T22:00:00Z,6,Predictive analytics,world,web,0
2018-04-14T22:00:00Z,8,Predictive analytics,world,web,0
2018-04-21T22:00:00Z,6,Predictive analytics,world,web,0
2018-04-28T22:00:00Z,6,Predictive analytics,world,web,0
2018-05-05T22:00:00Z,6,Predictive analytics,world,web,0
2018-05-12T22:00:00Z,6,Predictive analytics,world,web,0
2018-05-19T22:00:00Z,6,Predictive analytics,world,web,0
2018-05-26T22:00:00Z,6,Predictive analytics,world,web,0
2018-06-02T22:00:00Z,6,Predictive analytics,world,web,0
2018-06-09T22:00:00Z,5,Predictive analytics,world,web,0
2018-06-16T22:00:00Z,5,Predictive analytics,world,web,0
2018-06-23T22:00:00Z,5,Predictive analytics,world,web,0
2018-06-30T22:00:00Z,5,Predictive analytics,world,web,0
2018-07-07T22:00:00Z,6,Predictive analytics,world,web,0
2018-07-14T22:00:00Z,6,Predictive analytics,world,web,0
2018-07-21T22:00:00Z,5,Predictive analytics,world,web,0
2018-07-28T22:00:00Z,7,Predictive analytics,world,web,0
2018-08-04T22:00:00Z,5,Predictive analytics,world,web,0
2018-08-11T22:00:00Z,5,Predictive analytics,world,web,0
2018-08-18T22:00:00Z,7,Predictive analytics,world,web,0
2018-08-25T22:00:00Z,5,Predictive analytics,world,web,0
2018-09-01T22:00:00Z,5,Predictive analytics,world,web,0
2018-09-08T22:00:00Z,5,Predictive analytics,world,web,0
2018-09-15T22:00:00Z,7,Predictive analytics,world,web,0
2018-09-22T22:00:00Z,7,Predictive analytics,world,web,0
2018-09-29T22:00:00Z,7,Predictive analytics,world,web,0
2018-10-06T22:00:00Z,7,Predictive analytics,world,web,0
2018-10-13T22:00:00Z,6,Predictive analytics,world,web,0
2018-10-20T22:00:00Z,6,Predictive analytics,world,web,0
2018-10-27T22:00:00Z,5,Predictive analytics,world,web,0
2018-11-03T23:00:00Z,5,Predictive analytics,world,web,0
2018-11-10T23:00:00Z,6,Predictive analytics,world,web,0
2018-11-17T23:00:00Z,4,Predictive analytics,world,web,0
2018-11-24T23:00:00Z,6,Predictive analytics,world,web,0
2018-12-01T23:00:00Z,5,Predictive analytics,world,web,0
2018-12-08T23:00:00Z,5,Predictive analytics,world,web,0
2018-12-15T23:00:00Z,4,Predictive analytics,world,web,0
2018-12-22T23:00:00Z,3,Predictive analytics,world,web,0
2018-12-29T23:00:00Z,4,Predictive analytics,world,web,0
2019-01-05T23:00:00Z,5,Predictive analytics,world,web,0
2019-01-12T23:00:00Z,5,Predictive analytics,world,web,0
2019-01-19T23:00:00Z,7,Predictive analytics,world,web,0
2019-01-26T23:00:00Z,6,Predictive analytics,world,web,0
2019-02-02T23:00:00Z,6,Predictive analytics,world,web,0
2019-02-09T23:00:00Z,5,Predictive analytics,world,web,0
2019-02-16T23:00:00Z,6,Predictive analytics,world,web,0
2019-02-23T23:00:00Z,5,Predictive analytics,world,web,0
2019-03-02T23:00:00Z,5,Predictive analytics,world,web,0
2019-03-09T23:00:00Z,6,Predictive analytics,world,web,0
2019-03-16T23:00:00Z,6,Predictive analytics,world,web,0
2019-03-23T23:00:00Z,6,Predictive analytics,world,web,0
2019-03-30T23:00:00Z,7,Predictive analytics,world,web,0
2019-04-06T22:00:00Z,5,Predictive analytics,world,web,0
2019-04-13T22:00:00Z,6,Predictive analytics,world,web,0
2019-04-20T22:00:00Z,4,Predictive analytics,world,web,0
